customer_key,total_transaction,avg_transaction_amount,max_transaction_amount,total_amount_spent,total_flagged,off_hours_spent,spike_flag,repeat_fraud_flag,off_hours_flag,impossible_travel_count,impossible_travel_flag,total_risk_flags,risky_merchant_txn_count,risky_merchant_amount,risky_merchant_flag,risk_score,risk_tier,customer_id,full_name,country,kyc_status,customer_segment
2,175,15961.54143,49901.97,2793269.75,168,99,1,1,1,9,1,4,92,2374000,1,115,Critical,NAB-C000002,Ronke Zulu,Nigeria,Verified,SME
113,124,10963.20887,48086.76,1359437.9,124,89,1,1,1,7,1,4,63,1073837.5,1,115,Critical,NAB-C000113,Faith Ikenna,Nigeria,Verified,SME
141,159,10819.38296,49994.05,1720281.89,159,105,1,1,1,99,1,4,159,1720281.89,1,115,Critical,NAB-C000141,Dele Lewis,Nigeria,Verified,Retail
134,132,11117.54523,49393.47,1467515.97,132,92,1,1,1,79,1,4,132,1467515.97,1,115,Critical,NAB-C000134,Ibrahim Abubakar,Nigeria,Verified,SME
132,150,15066.87487,49868.66,2260031.23,136,65,1,1,1,49,1,4,136,2256567.08,1,115,Critical,NAB-C000132,Lindiwe Wike,Nigeria,Pending,Retail
130,179,15375.25788,49770.22,2752171.16,165,89,1,1,1,11,1,4,109,2460818.27,1,115,Critical,NAB-C000130,Aisha Hughes,Nigeria,Expired,SME
129,133,15696.20414,49952.34,2087595.15,123,60,1,1,1,47,1,4,123,2085371.43,1,115,Critical,NAB-C000129,Garba Saleh,France,Verified,Corporate
126,102,16074.2199,49773.1,1639570.43,102,53,1,1,1,42,1,4,102,1639570.43,1,115,Critical,NAB-C000126,Ngozi Okafor,Nigeria,Verified,Premium
123,118,15029.655,49317.67,1773499.29,118,75,1,1,1,2,1,4,63,1508407.05,1,115,Critical,NAB-C000123,Amelia Nxumalo,Nigeria,Verified,Corporate
120,111,13177.87703,49986.23,1462744.35,111,62,1,1,1,54,1,4,111,1462744.35,1,115,Critical,NAB-C000120,David Nxumalo,Kenya,Pending,SME
112,103,10917.45126,46841.73,1124497.48,103,74,1,1,1,3,1,4,38,764645.7,1,115,Critical,NAB-C000112,Sade Zulu,Nigeria,Verified,SME
155,90,14737.645,49555.75,1326388.05,90,48,1,1,1,37,1,4,90,1326388.05,1,115,Critical,NAB-C000155,Isla Lewis,Ghana,Verified,SME
92,116,9840.931379,49232.23,1141548.04,116,57,1,1,1,71,1,4,116,1141548.04,1,115,Critical,NAB-C000092,Yaw Adeyemi,UAE,Verified,Premium
91,115,13089.51626,49278.97,1505294.37,115,25,1,1,1,55,1,4,115,1505294.37,1,115,Critical,NAB-C000091,Garba Mensah,Ghana,Verified,SME
85,123,8856.151301,48950.92,1089306.61,123,61,1,1,1,83,1,4,123,1089306.61,1,115,Critical,NAB-C000085,Safiya Saleh,Nigeria,Verified,Retail
84,170,16330.63359,49820.04,2776207.71,163,49,1,1,1,60,1,4,163,2774693.57,1,115,Critical,NAB-C000084,Samuel Taylor,Nigeria,Verified,Premium
83,156,14250.74115,48265.35,2223115.62,149,93,1,1,1,7,1,4,87,1905513.95,1,115,Critical,NAB-C000083,Joseph Yakubu,United Kingdom,Verified,Corporate
81,82,12894.07439,48076.39,1057314.1,82,57,1,1,1,1,1,4,38,829655.17,1,115,Critical,NAB-C000081,Michael Wike,Nigeria,Verified,Retail
79,157,13378.58834,48634.83,2100438.37,143,87,1,1,1,68,1,4,143,2096915.62,1,115,Critical,NAB-C000079,Ahmed Davis,Kenya,Verified,Retail
76,71,9915.79831,48454.2,704021.68,71,15,1,1,1,43,1,4,71,704021.68,1,115,Critical,NAB-C000076,Safiya Adeyemi,Nigeria,Verified,Corporate
152,117,11634.28855,48639.92,1361211.76,117,76,1,1,1,3,1,4,54,1020074.83,1,115,Critical,NAB-C000152,James Brown,Nigeria,Verified,Retail
159,132,10940.47477,49875.73,1444142.67,122,82,1,1,1,5,1,4,59,1135855.84,1,115,Critical,NAB-C000159,Tunde Boateng,Nigeria,Verified,Retail
59,112,14051.46955,49758.8,1573764.59,112,74,1,1,1,4,1,4,54,1315482.78,1,115,Critical,NAB-C000059,Lindiwe Jones,United Kingdom,Verified,Premium
240,112,15659.39929,49798.43,1753852.72,112,59,1,1,1,1,1,4,69,1505961.92,1,115,Critical,NAB-C000240,David Hughes,United States,Expired,Retail
291,96,13285.21375,49513.63,1275380.52,96,18,1,1,1,48,1,4,96,1275380.52,1,115,Critical,NAB-C000291,Babatunde Obiora,Kenya,Verified,Premium
289,131,12030.2771,49445.1,1575966.3,131,88,1,1,1,5,1,4,62,1195776.7,1,115,Critical,NAB-C000289,Yetunde Ibrahim,South Africa,Verified,Premium
285,98,14426.69347,48476.78,1413815.96,98,58,1,1,1,1,1,4,54,1174685.43,1,115,Critical,NAB-C000285,Femi Musa,Germany,Pending,Corporate
281,95,8254.167789,49477.34,784145.94,95,34,1,1,1,68,1,4,95,784145.94,1,115,Critical,NAB-C000281,Tunde Johnson,Ghana,Pending,Corporate
280,67,12289.00552,49084.53,823363.37,67,47,1,1,1,39,1,4,67,823363.37,1,115,Critical,NAB-C000280,Chukwuemeka Fashola,United States,Pending,SME
279,178,14833.92961,49833.45,2640439.47,169,95,1,1,1,4,1,4,96,2281535.19,1,115,Critical,NAB-C000279,Kofi Sani,Nigeria,Verified,Corporate
278,101,13366.16446,44522.78,1349982.61,101,64,1,1,1,3,1,4,49,1067149.82,1,115,Critical,NAB-C000278,Amina Davis,United Kingdom,Verified,Premium
248,93,16282.22753,49550.8,1514247.16,93,44,1,1,1,36,1,4,93,1514247.16,1,115,Critical,NAB-C000248,Miguel Miller,Nigeria,Verified,Corporate
234,146,16155.79582,49470.47,2358746.19,137,78,1,1,1,5,1,4,82,2035346.24,1,115,Critical,NAB-C000234,Sade Musa,Nigeria,Verified,Premium
169,130,11482.94362,48775.16,1492782.67,130,51,1,1,1,71,1,4,130,1492782.67,1,115,Critical,NAB-C000169,Ibrahim Mensah,Nigeria,Verified,Retail
233,104,8140.56375,49323,846618.63,104,60,1,1,1,76,1,4,104,846618.63,1,115,Critical,NAB-C000233,Gbenga Darko,Ghana,Verified,SME
218,77,12753.31351,48979.8,982005.14,77,26,1,1,1,37,1,4,77,982005.14,1,115,Critical,NAB-C000218,Gbenga Atiku,Nigeria,Verified,Premium
215,92,14790.83772,48850.61,1360757.07,92,60,1,1,1,1,1,4,50,1143018.26,1,115,Critical,NAB-C000215,Miguel Roberts,Nigeria,Pending,SME
210,111,14474.7645,49921.08,1606698.86,98,48,1,1,1,2,1,4,63,1438941.73,1,115,Critical,NAB-C000210,Samuel Musa,France,Verified,Retail
207,85,9362.420118,48636.78,795805.71,85,57,1,1,1,56,1,4,85,795805.71,1,115,Critical,NAB-C000207,Chioma Sanwo,Nigeria,Verified,Corporate
201,129,11776.92147,49877.31,1519222.87,119,57,1,1,1,59,1,4,119,1517140.29,1,115,Critical,NAB-C000201,Nomvula Saleh,UAE,Verified,Corporate
198,121,13439.7662,49581.84,1626211.71,121,54,1,1,1,58,1,4,121,1626211.71,1,115,Critical,NAB-C000198,Garba Osei,Ghana,Verified,Retail
174,83,13680.37072,49200.57,1135470.77,83,54,1,1,1,2,1,4,40,920459.51,1,115,Critical,NAB-C000174,Bongani Omar,Nigeria,Verified,SME
75,78,13090.80038,49775.26,1021082.43,78,36,1,1,1,40,1,4,78,1021082.43,1,115,Critical,NAB-C000075,Thomas Johnson,Nigeria,Verified,Premium
271,64,12654.00688,49847.04,809856.44,64,44,1,1,1,2,1,4,35,631694.36,1,115,Critical,NAB-C000271,Gbenga Jones,United Kingdom,Verified,Premium
50,94,15756.95564,49919.25,1481153.83,94,61,1,1,1,4,1,4,53,1252343.62,1,115,Critical,NAB-C000050,Yaw Dlamini,Nigeria,Verified,Retail
10,83,14881.08855,49899,1235130.35,83,55,1,1,1,2,1,4,44,1035889.85,1,115,Critical,NAB-C000010,Jack Ikenna,United Kingdom,Pending,SME
54,98,12252.16439,47530.5,1200712.11,98,72,1,1,1,5,1,4,39,907492.76,1,115,Critical,NAB-C000054,Bongani Saleh,Ghana,Verified,Premium
4,165,15657.49824,49221.23,2583487.21,151,74,1,1,1,7,1,4,104,2315815.53,1,115,Critical,NAB-C000004,Aisha Wilson,United States,Verified,Corporate
32,110,9859.483727,48184.67,1084543.21,110,61,1,1,1,66,1,4,110,1084543.21,1,115,Critical,NAB-C000032,Kofi Boateng,Germany,Verified,Corporate
37,126,13788.54714,49751.79,1737356.94,126,65,1,1,1,62,1,4,126,1737356.94,1,115,Critical,NAB-C000037,Ngozi Zulu,Nigeria,Verified,Premium
181,35,3015.787714,4633.45,105552.57,35,8,0,1,1,32,1,3,35,105552.57,1,95,Critical,NAB-C000181,Lindiwe Yusuf,United Kingdom,Pending,SME
175,66,2793.908939,4987.76,184397.99,66,57,0,1,1,60,1,3,66,184397.99,1,95,Critical,NAB-C000175,Ronke Saleh,United Kingdom,Verified,SME
176,56,2895.341071,4888.89,162139.1,56,29,0,1,1,52,1,3,56,162139.1,1,95,Critical,NAB-C000176,Joy Eze,Canada,Verified,Retail
177,82,5323.404756,9918.5,436519.19,82,82,0,1,1,5,1,3,20,104849.42,1,95,Critical,NAB-C000177,Nomvula Sanwo,Canada,Verified,SME
178,73,5120.789452,9780.09,373817.63,73,73,0,1,1,4,1,3,11,53593.11,1,95,Critical,NAB-C000178,Hadiza Asante,France,Pending,Retail
267,63,3039.20746,4996.98,191470.07,63,60,0,1,1,57,1,3,63,191470.07,1,95,Critical,NAB-C000267,Kemi Garcia,Nigeria,Expired,SME
180,106,18506.69491,49891.9,1961709.66,106,18,0,1,1,1,1,3,60,1397950.28,1,95,Critical,NAB-C000180,Nomvula Sithole,United States,Verified,SME
57,67,13500.4094,24825.09,904527.43,67,14,0,1,1,1,1,3,13,186398.83,1,95,Critical,NAB-C000057,Mercy Wilson,United Kingdom,Verified,Premium
182,69,5754.934348,9832.97,397090.47,69,69,0,1,1,2,1,3,16,77047.09,1,95,Critical,NAB-C000182,Henry Tinubu,United Kingdom,Verified,Premium
265,73,5311.631918,9877,387749.13,73,73,0,1,1,8,1,3,16,98934.59,1,95,Critical,NAB-C000265,Efua Roberts,United Kingdom,Verified,SME
186,89,2987.782921,4985.87,265912.68,89,69,0,1,1,82,1,3,89,265912.68,1,95,Critical,NAB-C000186,Seun Adeyemi,Nigeria,Verified,Corporate
187,88,5122.100909,9981.18,450744.88,88,88,0,1,1,3,1,3,11,57668.29,1,95,Critical,NAB-C000187,Grace Musa,Nigeria,Pending,Premium
188,85,2820.305647,4984.79,239725.98,85,69,0,1,1,77,1,3,85,239725.98,1,95,Critical,NAB-C000188,Efua Idris,South Africa,Verified,Corporate
189,73,2600.556164,4971.81,189840.6,73,70,0,1,1,66,1,3,73,189840.6,1,95,Critical,NAB-C000189,Joy Musa,United States,Verified,Premium
190,60,13977.4035,24520.87,838644.21,60,9,0,1,1,1,1,3,5,70601.7,1,95,Critical,NAB-C000190,Seun Okafor,Kenya,Verified,Corporate
184,71,5092.367042,9567.22,361558.06,71,71,0,1,1,8,1,3,17,86758,1,95,Critical,NAB-C000184,Nomvula Chukwu,Nigeria,Verified,Retail
173,63,5215.950317,9967.06,328604.87,63,63,0,1,1,1,1,3,12,60282.25,1,95,Critical,NAB-C000173,Thabo Saleh,Nigeria,Verified,Corporate
26,46,14451.51674,24386.19,664769.77,46,8,0,1,1,1,1,3,6,92605.85,1,95,Critical,NAB-C000026,Aisha Ambode,Nigeria,Verified,Premium
192,78,5199.240513,9869.65,405540.76,78,78,0,1,1,5,1,3,13,73697.44,1,95,Critical,NAB-C000192,Bukola Obi,United Kingdom,Verified,Retail
276,44,4812.557273,9319.55,211752.52,44,44,0,1,1,2,1,3,10,55403.27,1,95,Critical,NAB-C000276,Thabo Buhari,United Kingdom,Expired,Retail
156,84,5266.317976,9835.4,442370.71,84,84,0,1,1,10,1,3,18,91283.76,1,95,Critical,NAB-C000156,Valentina Ali,United States,Verified,Premium
275,46,2627.272609,4823.27,120854.54,46,45,0,1,1,42,1,3,46,120854.54,1,95,Critical,NAB-C000275,Seun Sani,France,Verified,SME
158,87,2811.452529,4997.82,244596.37,87,50,0,1,1,80,1,3,87,244596.37,1,95,Critical,NAB-C000158,Emma Owusu,Ghana,Pending,SME
28,83,5553.326265,9973.81,460926.08,83,83,0,1,1,8,1,3,14,88594.27,1,95,Critical,NAB-C000028,Bola Brown,South Africa,Verified,Corporate
272,86,5252.207209,9974.94,451689.82,86,86,0,1,1,2,1,3,20,116166.86,1,95,Critical,NAB-C000272,Charlotte Agyei,United States,Verified,Corporate
162,169,17219.08089,49865.6,2910024.67,158,64,0,1,1,4,1,3,119,2710549.92,1,95,Critical,NAB-C000162,Folake Fashola,Nigeria,Verified,Retail
163,57,2693.612456,4877.69,153535.91,57,40,0,1,1,52,1,3,57,153535.91,1,95,Critical,NAB-C000163,Kwame Asante,Ghana,Verified,Retail
268,118,19537.50398,49868.72,2305425.47,108,21,0,1,1,2,1,3,83,2025079.74,1,95,Critical,NAB-C000268,Michael Rodriguez,Nigeria,Pending,SME
166,106,22579.94792,49943.39,2393474.48,95,22,0,1,1,1,1,3,95,2390688.27,1,95,Critical,NAB-C000166,Kayode Smith,Germany,Verified,Corporate
167,134,21332.09269,49818.88,2858500.42,126,17,0,1,1,4,1,3,95,2397946.06,1,95,Critical,NAB-C000167,Emmanuel Sithole,Nigeria,Verified,SME
168,166,19322.09964,49921.06,3207468.54,153,28,0,1,1,3,1,3,106,2550760.29,1,95,Critical,NAB-C000168,Rotimi Mensah,Ghana,Pending,Premium
27,80,4743.376125,9860.7,379470.09,80,80,0,1,1,4,1,3,14,70225.3,1,95,Critical,NAB-C000027,Chioma Taylor,Ghana,Verified,Corporate
170,79,2730.046203,4996.7,215673.65,79,78,0,1,1,73,1,3,79,215673.65,1,95,Critical,NAB-C000170,Kwame Lewis,United Kingdom,Verified,Premium
171,110,24242.26327,49694.21,2666648.96,97,22,0,1,1,1,1,3,97,2663157.96,1,95,Critical,NAB-C000171,Ahmed Miller,UAE,Verified,Retail
191,178,20220.18506,48839.23,3599192.94,164,35,0,1,1,1,1,3,129,3164663.38,1,95,Critical,NAB-C000191,Femi Darko,United States,Pending,Premium
25,49,27068.51163,49545.96,1326357.07,49,9,0,1,1,1,1,3,49,1326357.07,1,95,Critical,NAB-C000025,Aisha Buhari,Nigeria,Verified,SME
264,62,5036.768871,9942.55,312279.67,62,62,0,1,1,4,1,3,12,51663.65,1,95,Critical,NAB-C000264,Jose Lewis,Ghana,Expired,Corporate
235,57,2652.308421,4874.81,151181.58,57,54,0,1,1,52,1,3,57,151181.58,1,95,Critical,NAB-C000235,Peace Williams,United States,Expired,SME
256,34,2787.236765,4727.6,94766.05,34,33,0,1,1,31,1,3,34,94766.05,1,95,Critical,NAB-C000256,Ronke Jones,United Kingdom,Verified,SME
228,134,20500.9741,49429.77,2747130.53,125,25,0,1,1,3,1,3,96,2311505.8,1,95,Critical,NAB-C000228,Kojo Brown,United Kingdom,Expired,Retail
255,205,21399.6978,49315.54,4386938.05,200,80,0,1,1,7,1,3,154,4137584.3,1,95,Critical,NAB-C000255,Harry Okafor,Nigeria,Verified,Premium
254,63,2875.063492,4988.96,181129,63,63,0,1,1,57,1,3,63,181129,1,95,Critical,NAB-C000254,Carlos Osei,Nigeria,Verified,Retail
232,73,5603.286164,9875.9,409039.89,73,73,0,1,1,4,1,3,14,87925.59,1,95,Critical,NAB-C000232,Gbenga Brown,South Africa,Verified,Corporate
19,91,2920.981868,4986.51,265809.35,91,31,0,1,1,83,1,3,91,265809.35,1,95,Critical,NAB-C000019,Daniel Hassan,Nigeria,Verified,Retail
18,43,3025.653488,4978.92,130103.1,43,43,0,1,1,40,1,3,43,130103.1,1,95,Critical,NAB-C000018,Peace Buhari,Nigeria,Verified,Retail
252,61,2881.597869,4995.14,175777.47,61,41,0,1,1,56,1,3,61,175777.47,1,95,Critical,NAB-C000252,Blessing Ambode,United Kingdom,Verified,Retail
153,36,14920.71972,24497.8,537145.91,36,7,0,1,1,1,1,3,8,122286.89,1,95,Critical,NAB-C000153,James Oduya,Kenya,Verified,Corporate
237,84,3189.21631,4946.77,267894.17,84,32,0,1,1,78,1,3,84,267894.17,1,95,Critical,NAB-C000237,Nomvula Yusuf,Nigeria,Verified,Premium
251,68,3142.580294,4988.31,213695.46,68,38,0,1,1,63,1,3,68,213695.46,1,95,Critical,NAB-C000251,Isla Atiku,Nigeria,Pending,Premium
239,107,23756.34121,49984.54,2541928.51,93,21,0,1,1,2,1,3,93,2537839.03,1,95,Critical,NAB-C000239,Ama Wilson,Ghana,Pending,SME
16,83,5404.578916,9764.73,448580.05,83,83,0,1,1,6,1,3,17,89032.16,1,95,Critical,NAB-C000016,Chioma Taylor,Nigeria,Verified,Retail
241,77,2941.596623,4936.25,226502.94,77,46,0,1,1,70,1,3,77,226502.94,1,95,Critical,NAB-C000241,Amina Perez,Ghana,Expired,Premium
249,59,2791.841017,4924.47,164718.62,59,56,0,1,1,53,1,3,59,164718.62,1,95,Critical,NAB-C000249,Ramatu Wike,Germany,Pending,Retail
245,50,2816.8496,4927.23,140842.48,50,39,0,1,1,45,1,3,50,140842.48,1,95,Critical,NAB-C000245,Lily Mokoena,Germany,Verified,Corporate
257,61,5170.972459,9934.46,315429.32,61,61,0,1,1,1,1,3,7,34709.15,1,95,Critical,NAB-C000257,Ama Mthembu,Nigeria,Verified,Retail
225,92,2870.553478,4997.98,264090.92,92,90,0,1,1,84,1,3,92,264090.92,1,95,Critical,NAB-C000225,Ramatu Dlamini,United States,Verified,SME
259,118,20015.96144,49906.21,2361883.45,118,23,0,1,1,1,1,3,67,1647168.54,1,95,Critical,NAB-C000259,Adewale Obiora,Nigeria,Verified,Retail
219,142,16673.01254,49782.81,2367567.78,129,66,0,1,1,4,1,3,90,2155576.89,1,95,Critical,NAB-C000219,Kayode Musa,United Kingdom,Verified,Premium
262,78,18904.03526,47132.98,1474514.75,78,15,0,1,1,1,1,3,44,1012591.58,1,95,Critical,NAB-C000262,Jack Gonzalez,Nigeria,Verified,SME
200,50,2998.8048,4958.46,149940.24,50,31,0,1,1,43,1,3,50,149940.24,1,95,Critical,NAB-C000200,Peace Hernandez,South Africa,Verified,SME
202,108,16638.9013,49757.3,1797001.34,108,26,0,1,1,1,1,3,54,1121298.35,1,95,Critical,NAB-C000202,Lanre Nwachukwu,Kenya,Verified,SME
203,55,2889.529273,4650.84,158924.11,55,26,0,1,1,48,1,3,55,158924.11,1,95,Critical,NAB-C000203,Grace Moore,United States,Verified,SME
205,53,4849.67434,9641.03,257032.74,53,53,0,1,1,4,1,3,15,67156.25,1,95,Critical,NAB-C000205,Isla Osei,Nigeria,Verified,Corporate
206,153,19380.39294,49527.68,2965200.12,145,21,0,1,1,3,1,3,106,2431902.26,1,95,Critical,NAB-C000206,Ibrahim Wike,South Africa,Verified,Retail
23,68,2913.321029,4966.45,198105.83,68,51,0,1,1,63,1,3,68,198105.83,1,95,Critical,NAB-C000023,Lily Davis,Canada,Verified,Premium
208,122,25564.04287,49770.61,3118813.23,116,15,0,1,1,1,1,3,116,3116988.84,1,95,Critical,NAB-C000208,Samuel Garcia,Nigeria,Verified,SME
22,89,5448.743596,9849.09,484938.18,89,89,0,1,1,8,1,3,15,78004.24,1,95,Critical,NAB-C000022,Ama Buhari,United States,Expired,Premium
211,29,2932.680345,4887.12,85047.73,29,26,0,1,1,25,1,3,29,85047.73,1,95,Critical,NAB-C000211,Sophie Buhari,Nigeria,Verified,Corporate
212,70,14458.323,24630.5,1012082.61,70,16,0,1,1,2,1,3,10,148439.78,1,95,Critical,NAB-C000212,Oliver Osei,South Africa,Verified,SME
214,32,2852.989375,4930.88,91295.66,32,23,0,1,1,29,1,3,32,91295.66,1,95,Critical,NAB-C000214,Dele Moore,United Kingdom,Verified,Premium
21,76,4580.049079,9753.88,348083.73,76,76,0,1,1,4,1,3,13,57633.73,1,95,Critical,NAB-C000021,Patience Lopez,United Kingdom,Verified,Retail
260,71,5201.731831,9778.45,369322.96,71,71,0,1,1,2,1,3,11,63160.32,1,95,Critical,NAB-C000260,Tunde Brown,Nigeria,Verified,SME
20,84,16306.26476,43173.53,1369726.24,84,14,0,1,1,1,1,3,36,683885.9,1,95,Critical,NAB-C000020,Aisha Davies,Kenya,Verified,Premium
154,105,17052.13476,49966.32,1790474.15,96,49,0,1,1,32,1,3,96,1788428.8,1,95,Critical,NAB-C000154,Zainab Hughes,Canada,Verified,Corporate
151,74,4942.626757,9902.6,365754.38,74,74,0,1,1,4,1,3,15,71654.87,1,95,Critical,NAB-C000151,Hadiza Owusu,Nigeria,Verified,Retail
277,44,2828.962273,4972.13,124474.34,44,44,0,1,1,38,1,3,44,124474.34,1,95,Critical,NAB-C000277,Akosua Bello,Kenya,Verified,SME
45,87,2789.557701,4949.99,242691.52,87,56,0,1,1,81,1,3,87,242691.52,1,95,Critical,NAB-C000045,Kayode Hassan,Nigeria,Verified,Corporate
49,76,23231.83026,49127.45,1765619.1,64,17,0,1,1,1,1,3,64,1761741.95,1,95,Critical,NAB-C000049,Lebo Onuoha,South Africa,Verified,SME
47,75,4656.082933,9714.42,349206.22,75,75,0,1,1,2,1,3,16,80217.89,1,95,Critical,NAB-C000047,Akosua Jones,South Africa,Verified,Retail
88,94,18388.36245,49199.47,1728506.07,94,14,0,1,1,1,1,3,52,1125608.06,1,95,Critical,NAB-C000088,Efua Ali,Nigeria,Expired,SME
89,65,5413.774,9987.4,351895.31,65,65,0,1,1,3,1,3,13,68727.37,1,95,Critical,NAB-C000089,Bello Owusu,Ghana,Pending,SME
90,62,5692.229516,9849.97,352918.23,62,62,0,1,1,2,1,3,11,72033.64,1,95,Critical,NAB-C000090,Funke Hernandez,United Kingdom,Verified,Premium
46,53,2909.411698,4994.2,154198.82,53,32,0,1,1,48,1,3,53,154198.82,1,95,Critical,NAB-C000046,Jack Dlamini,South Africa,Verified,Premium
93,43,2908.367907,4980.94,125059.82,43,40,0,1,1,39,1,3,43,125059.82,1,95,Critical,NAB-C000093,Toyin Obi,UAE,Verified,Corporate
52,61,2705.85541,4887.46,165057.18,61,46,0,1,1,53,1,3,61,165057.18,1,95,Critical,NAB-C000052,Abdullahi Okonkwo,Canada,Verified,Premium
95,74,5323.930405,9885.16,393970.85,74,74,0,1,1,7,1,3,14,74228.66,1,95,Critical,NAB-C000095,Kofi Davies,United States,Verified,Retail
97,188,21481.30952,49849.13,4038486.19,183,25,0,1,1,5,1,3,134,3461916.64,1,95,Critical,NAB-C000097,Thomas Nxumalo,Ghana,Verified,SME
99,106,16865.43292,44866.73,1787735.89,106,18,0,1,1,1,1,3,51,1021941.88,1,95,Critical,NAB-C000099,Funke Wike,Nigeria,Verified,Retail
100,168,16618.43488,47974.42,2791897.06,157,84,0,1,1,6,1,3,98,2526192.73,1,95,Critical,NAB-C000100,Kwame Obiora,United Kingdom,Verified,Premium
103,111,22359.74288,49611.5,2481931.46,96,15,0,1,1,1,1,3,96,2477436.48,1,95,Critical,NAB-C000103,Gbenga Perez,United States,Expired,Premium
104,76,2901.505658,4961.03,220514.43,76,38,0,1,1,72,1,3,76,220514.43,1,95,Critical,NAB-C000104,Adewale Sithole,Ghana,Verified,SME
292,43,4552.352791,9977.56,195751.17,43,43,0,1,1,3,1,3,12,50197.63,1,95,Critical,NAB-C000292,Kayode Rodriguez,Nigeria,Verified,Premium
294,98,2864.762449,4991.95,280746.72,98,79,0,1,1,90,1,3,98,280746.72,1,95,Critical,NAB-C000294,Sade Thomas,United Kingdom,Verified,SME
107,93,2572.831183,4867.85,239273.3,93,65,0,1,1,87,1,3,93,239273.3,1,95,Critical,NAB-C000107,Daniel Tinubu,Germany,Verified,SME
66,49,3151.662041,4970.9,154431.44,49,29,0,1,1,46,1,3,49,154431.44,1,95,Critical,NAB-C000066,Akosua Owusu,Ghana,Verified,Retail
56,145,18343.94586,49980.43,2659872.15,137,53,0,1,1,42,1,3,137,2658525.53,1,95,Critical,NAB-C000056,Garba Osei,Kenya,Verified,SME
60,88,3032.12125,4974.63,266826.67,88,58,0,1,1,81,1,3,88,266826.67,1,95,Critical,NAB-C000060,William Buhari,United States,Verified,Premium
61,64,3221.534063,4948.39,206178.18,64,61,0,1,1,59,1,3,64,206178.18,1,95,Critical,NAB-C000061,Bukola Davies,Kenya,Pending,Premium
3,50,2575.056,4910.58,128752.8,50,37,0,1,1,45,1,3,50,128752.8,1,95,Critical,NAB-C000003,William Taylor,Nigeria,Verified,Corporate
299,42,13580.84476,24387.73,570395.48,42,7,0,1,1,1,1,3,9,114021.3,1,95,Critical,NAB-C000299,Lanre Mokoena,Ghana,Verified,Corporate
65,103,22347.39058,49258.99,2301781.23,93,17,0,1,1,1,1,3,93,2299276.16,1,95,Critical,NAB-C000065,Bongani Ibrahim,France,Pending,Premium
67,86,22985.83744,48126.7,1976782.02,72,9,0,1,1,2,1,3,72,1973143.95,1,95,Critical,NAB-C000067,Yusuf Dlamini,Nigeria,Expired,Premium
77,169,16238.49787,47999.73,2744306.14,161,88,0,1,1,8,1,3,101,2471160.99,1,95,Critical,NAB-C000077,Harry Wike,Ghana,Expired,Premium
68,66,4853.796061,9852.71,320350.54,66,66,0,1,1,2,1,3,15,91941.91,1,95,Critical,NAB-C000068,Hassan Williams,Nigeria,Verified,Retail
298,68,5592.9725,9894.65,380322.13,68,68,0,1,1,3,1,3,13,71733.98,1,95,Critical,NAB-C000298,Rotimi Jones,United States,Verified,SME
297,62,5595.835323,9857.94,346941.79,62,62,0,1,1,2,1,3,13,81690.73,1,95,Critical,NAB-C000297,Thabo Oduya,Ghana,Verified,Premium
72,87,5507.50954,9846.12,479153.33,87,87,0,1,1,8,1,3,15,86526.65,1,95,Critical,NAB-C000072,Zanele Rodriguez,Nigeria,Pending,SME
74,41,2792.144878,4940.01,114477.94,41,38,0,1,1,35,1,3,41,114477.94,1,95,Critical,NAB-C000074,Peace Zulu,United States,Verified,Retail
58,61,13009.96098,24885.04,793607.62,61,11,0,1,1,1,1,3,9,115500.25,1,95,Critical,NAB-C000058,Ramatu Adewale,Nigeria,Verified,Retail
106,71,22724.43549,49529.56,1613434.92,60,17,0,1,1,1,1,3,60,1610165.17,1,95,Critical,NAB-C000106,Joke Obiora,United Kingdom,Verified,Premium
105,51,4500.546863,9572.34,229527.89,51,51,0,1,1,1,1,3,7,22916.82,1,95,Critical,NAB-C000105,Isla Evans,Nigeria,Verified,Premium
108,46,2658.405,4869.1,122286.63,46,32,0,1,1,43,1,3,46,122286.63,1,95,Critical,NAB-C000108,Zainab Yusuf,United States,Verified,Corporate
127,116,21642.91552,48397,2510578.2,108,21,0,1,1,3,1,3,79,2075588.77,1,95,Critical,NAB-C000127,Oliver Smith,South Africa,Verified,Premium
110,105,18749.39724,48375.88,1968686.71,105,15,0,1,1,1,1,3,48,1127722.77,1,95,Critical,NAB-C000110,Valentina Yakubu,Nigeria,Expired,Retail
131,78,2940.257564,4944.99,229340.09,78,49,0,1,1,69,1,3,78,229340.09,1,95,Critical,NAB-C000131,Kwame Adeyemi,Nigeria,Verified,Retail
35,45,2580.114667,4949.95,116105.16,45,45,0,1,1,41,1,3,45,116105.16,1,95,Critical,NAB-C000035,Yusuf Saleh,Ghana,Verified,SME
6,74,5308.065676,9710.48,392796.86,74,74,0,1,1,4,1,3,10,52470.38,1,95,Critical,NAB-C000006,Ntombi Lewis,Canada,Verified,Retail
34,104,17106.84375,49518.95,1779111.75,90,17,0,1,1,2,1,3,62,1391752.33,1,95,Critical,NAB-C000034,Michael Asante,South Africa,Verified,Corporate
135,112,19257.31375,49341.71,2156819.14,112,17,0,1,1,1,1,3,63,1554224.17,1,95,Critical,NAB-C000135,Lebo Roberts,United Kingdom,Verified,Retail
283,164,16985.32134,49591.67,2785592.7,154,80,0,1,1,4,1,3,111,2580405.28,1,95,Critical,NAB-C000283,Blessing Davies,Nigeria,Verified,Premium
282,59,13893.40678,24972.55,819711,59,8,0,1,1,2,1,3,13,185457.41,1,95,Critical,NAB-C000282,Mariam Ali,Ghana,Verified,Retail
140,73,2853.053699,4984.9,208272.92,73,43,0,1,1,66,1,3,73,208272.92,1,95,Critical,NAB-C000140,Hadiza Omar,Canada,Verified,Retail
8,68,5590.174853,9901.24,380131.89,68,68,0,1,1,4,1,3,11,58319.08,1,95,Critical,NAB-C000008,Isabella Garcia,UAE,Verified,Corporate
143,89,22553.26697,49910.03,2007240.76,80,13,0,1,1,1,1,3,80,2003694.61,1,95,Critical,NAB-C000143,Maria Sithole,South Africa,Verified,Retail
144,89,25255.8482,49589.48,2247770.49,82,23,0,1,1,1,1,3,82,2245504.81,1,95,Critical,NAB-C000144,Gbenga Dlamini,Nigeria,Verified,Corporate
145,83,2996.356145,4991.82,248697.56,83,68,0,1,1,76,1,3,83,248697.56,1,95,Critical,NAB-C000145,Amelia Smith,Nigeria,Verified,Retail
146,56,15274.50357,24610.64,855372.2,56,14,0,1,1,1,1,3,14,217066.15,1,95,Critical,NAB-C000146,Sofia Rodriguez,Nigeria,Verified,Retail
14,58,17714.02603,46816.11,1027413.51,58,7,0,1,1,1,1,3,31,617241.93,1,95,Critical,NAB-C000014,Kofi Yusuf,France,Verified,SME
286,37,2576.177568,4878.71,95318.57,37,37,0,1,1,34,1,3,37,95318.57,1,95,Critical,NAB-C000286,Chukwuemeka Brown,Ghana,Expired,Premium
246,67,21213.9103,49665.06,1421331.99,54,13,0,1,1,2,1,3,54,1417013.39,1,95,Critical,NAB-C000246,Lanre Abubakar,Nigeria,Verified,Corporate
38,39,3104.079231,4993.77,121059.09,39,12,0,1,1,36,1,3,39,121059.09,1,95,Critical,NAB-C000038,Valentina Obiora,Germany,Pending,Premium
115,123,17066.52138,49527.55,2099182.13,111,62,0,1,1,3,1,3,70,1892958.44,1,95,Critical,NAB-C000115,Yaw Buhari,Nigeria,Expired,Premium
39,55,13566.44436,24813.92,746154.44,55,7,0,1,1,1,1,3,4,58869.92,1,95,Critical,NAB-C000039,Fatima Ikenna,Kenya,Verified,SME
43,55,4721.546909,9797.43,259685.08,55,55,0,1,1,1,1,3,10,51103.9,1,95,Critical,NAB-C000043,Joseph Martinez,Nigeria,Verified,Corporate
121,160,19590.13975,49497.76,3134422.36,149,65,0,1,1,34,1,3,149,3131655.87,1,95,Critical,NAB-C000121,Ibrahim Buhari,Canada,Verified,Premium
40,51,2815.875294,4946,143609.64,51,38,0,1,1,47,1,3,51,143609.64,1,95,Critical,NAB-C000040,Femi Nwachukwu,United States,Verified,SME
119,96,22594.89188,49711.14,2169109.62,86,22,0,1,1,1,1,3,86,2166648.3,1,95,Critical,NAB-C000119,Aliyu Johnson,Ghana,Verified,Premium
41,52,5033.601731,9936.12,261747.29,52,52,0,1,1,2,1,3,8,33623.84,1,95,Critical,NAB-C000041,Oliver Mthembu,Nigeria,Verified,Corporate
117,117,19205.76239,49847.21,2247074.2,117,16,0,1,1,1,1,3,62,1456673.11,1,95,Critical,NAB-C000117,Babatunde Zulu,Ghana,Verified,Retail
5,60,2790.121833,4995.32,167407.31,60,39,0,1,1,55,1,3,60,167407.31,1,95,Critical,NAB-C000005,Peace Oduya,United Kingdom,Verified,Corporate
124,80,17787.68688,49422.35,1423014.95,80,46,0,1,1,3,1,3,48,1249050.73,1,95,Critical,NAB-C000124,Carlos Jones,United States,Verified,Corporate
114,102,2891.215882,4987.76,294904.02,102,96,0,1,1,94,1,3,102,294904.02,1,95,Critical,NAB-C000114,Comfort Khalid,South Africa,Verified,Corporate
15,44,13553.22795,24844.04,596342.03,44,3,0,1,0,1,1,2,3,55753.78,1,85,Critical,NAB-C000015,Olivia Williams,Kenya,Expired,Premium
139,46,12286.80457,23940.04,565193.01,46,5,0,1,0,1,1,2,7,81962.4,1,85,Critical,NAB-C000139,Babatunde Tinubu,Nigeria,Verified,SME
224,99,14303.42535,49212.9,1416039.11,99,54,1,1,1,0,0,3,63,1244143.5,1,85,Critical,NAB-C000224,Jack Ambode,Ghana,Verified,Retail
290,39,26055.78462,49247.51,1016175.6,39,8,0,1,1,0,0,2,39,1016175.6,1,65,Critical,NAB-C000290,Patience Jones,Nigeria,Verified,SME
273,27,24020.48111,49940.67,648552.99,27,7,0,1,1,0,0,2,27,648552.99,1,65,Critical,NAB-C000273,Suleiman Musa,Ghana,Verified,Premium
261,54,26828.19222,47563.08,1448722.38,54,12,0,1,1,0,0,2,54,1448722.38,1,65,Critical,NAB-C000261,Lebo Musa,United Kingdom,Verified,SME
296,64,19116.25734,48490.49,1223440.47,64,11,0,1,1,0,0,2,28,748699.88,1,65,Critical,NAB-C000296,Emmanuel Onuoha,United Kingdom,Verified,SME
288,64,21623.80188,48844.98,1383923.32,50,9,0,1,1,0,0,2,50,1380162.35,1,65,Critical,NAB-C000288,Michael Agyei,United Kingdom,Verified,Premium
9,67,14914.04896,24832.49,999241.28,67,6,0,1,1,0,0,2,9,141222.71,1,65,Critical,NAB-C000009,Kwame Ndlovu,Nigeria,Verified,Corporate
293,36,14744.23667,24522.98,530792.52,36,13,0,1,1,0,0,2,8,134488.96,1,65,Critical,NAB-C000293,Hauwa Ibrahim,Nigeria,Verified,Retail
295,39,24010.47462,46915.58,936408.51,39,7,0,1,1,0,0,2,39,936408.51,1,65,Critical,NAB-C000295,Isla Sanwo,Nigeria,Verified,SME
247,58,13248.91276,24253.46,768436.94,58,12,0,1,1,0,0,2,12,168680.59,1,65,Critical,NAB-C000247,Yusuf Davies,South Africa,Verified,Corporate
122,42,27559.88833,48907.56,1157515.31,42,7,0,1,1,0,0,2,42,1157515.31,1,65,Critical,NAB-C000122,Sade Ndlovu,United States,Expired,Premium
30,65,17870.47062,49512.35,1161580.59,65,12,0,1,1,0,0,2,39,786917.98,1,65,Critical,NAB-C000030,William Davis,United Kingdom,Expired,Corporate
31,69,20832.49565,49322.88,1437442.2,69,13,0,1,1,0,0,2,43,1063756.65,1,65,Critical,NAB-C000031,Yusuf Saleh,United States,Verified,Corporate
142,44,24736.66636,47939.88,1088413.32,44,12,0,1,1,0,0,2,44,1088413.32,1,65,Critical,NAB-C000142,Blessing Mensah,Nigeria,Verified,Retail
138,47,28503.87915,49436.24,1339682.32,47,6,0,1,1,0,0,2,47,1339682.32,1,65,Critical,NAB-C000138,Zainab Mensah,Nigeria,Verified,Corporate
137,70,13714.04286,24445.49,959983,70,10,0,1,1,0,0,2,18,275360.42,1,65,Critical,NAB-C000137,Kwame Ibrahim,Nigeria,Pending,Premium
36,54,16673.88074,49037.43,900389.56,54,13,0,1,1,0,0,2,28,614447.94,1,65,Critical,NAB-C000036,Olivia Okafor,United States,Verified,Corporate
96,64,14921.23,24756.24,954958.72,64,15,0,1,1,0,0,2,16,234849.97,1,65,Critical,NAB-C000096,Mariam Ambode,United States,Verified,SME
161,101,17740.7896,49165.8,1791819.75,101,23,0,1,1,0,0,2,46,1025143.43,1,65,Critical,NAB-C000161,Jose Nkosi,Nigeria,Verified,Retail
51,41,24220.04951,48430.4,993022.03,41,8,0,1,1,0,0,2,41,993022.03,1,65,Critical,NAB-C000051,Oliver Roberts,Canada,Verified,SME
55,44,22583.60023,49749.58,993678.41,44,9,0,1,1,0,0,2,44,993678.41,1,65,Critical,NAB-C000055,Safiya Martinez,Kenya,Verified,Corporate
73,35,25714.70286,49768.5,900014.6,35,10,0,1,1,0,0,2,35,900014.6,1,65,Critical,NAB-C000073,Bongani Khalid,Ghana,Verified,Premium
69,42,14250.91643,23088.62,598538.49,42,7,0,1,1,0,0,2,5,97251.75,1,65,Critical,NAB-C000069,Edward Musa,Nigeria,Verified,Retail
63,60,22024.13417,48123.46,1321448.05,60,14,0,1,1,0,0,2,60,1321448.05,1,65,Critical,NAB-C000063,Yetunde Davis,United Kingdom,Verified,Premium
62,79,20095.85342,46238.02,1587572.42,79,18,0,1,1,0,0,2,55,1204385.33,1,65,Critical,NAB-C000062,Maria Ibrahim,Nigeria,Verified,Premium
160,103,22241.83117,49860.96,2290908.61,88,21,0,1,1,0,0,2,88,2287331.33,1,65,Critical,NAB-C000160,Musa Oduya,United Kingdom,Verified,Corporate
116,63,20746.54381,48419.73,1307032.26,63,16,0,1,1,0,0,2,37,953938.84,1,65,Critical,NAB-C000116,Kojo Garcia,United Kingdom,Verified,SME
231,100,20736.1439,49260.68,2073614.39,100,21,0,1,1,0,0,2,61,1584771.08,1,65,Critical,NAB-C000231,Miguel Idris,Nigeria,Verified,Corporate
238,72,19086.63778,49305.3,1374237.92,72,13,0,1,1,0,0,2,38,953089.08,1,65,Critical,NAB-C000238,Lily Williams,Kenya,Verified,Retail
236,44,4806.076818,9756.3,211467.38,44,44,0,1,1,0,0,2,11,54190.29,1,65,Critical,NAB-C000236,Kemi Bello,South Africa,Verified,Corporate
230,94,21908.91447,49987.83,2059437.96,94,20,0,1,1,0,0,2,65,1666466.26,1,65,Critical,NAB-C000230,Musa Ali,Germany,Verified,Corporate
185,43,12839.77163,24437.12,552110.18,43,6,0,1,1,0,0,2,7,64778.85,1,65,Critical,NAB-C000185,Isabella Nxumalo,Nigeria,Verified,Corporate
195,43,24181.42233,49927.75,1039801.16,43,6,0,1,1,0,0,2,43,1039801.16,1,65,Critical,NAB-C000195,Miguel Hassan,Nigeria,Verified,SME
199,86,23348.48558,49649.16,2007969.76,72,25,0,1,1,0,0,2,72,2003858.88,1,65,Critical,NAB-C000199,Fatima Obi,United Kingdom,Pending,Premium
227,101,18981.36515,45227.72,1917117.88,101,18,0,1,1,0,0,2,64,1387250.41,1,65,Critical,NAB-C000227,Abdullahi Taylor,Nigeria,Verified,Premium
24,65,19917.15138,49057.18,1294614.84,51,9,0,1,1,0,0,2,51,1291677.94,1,65,Critical,NAB-C000024,Gbenga Lewis,South Africa,Verified,SME
217,75,21890.52933,49806.03,1641789.7,67,13,0,1,1,0,0,2,67,1639484.12,1,65,Critical,NAB-C000217,Tunde Davis,Ghana,Verified,Premium
226,27,28670.68852,49112.96,774108.59,27,3,0,1,0,0,0,1,27,774108.59,1,55,High,NAB-C000226,Thabo Bello,Ghana,Verified,Premium
243,34,13436.005,23777.97,456824.17,34,2,0,1,0,0,0,1,7,117245.83,1,55,High,NAB-C000243,Nomvula Obi,Nigeria,Verified,SME
269,20,22050.7405,46861.84,441014.81,20,1,0,1,0,0,0,1,20,441014.81,1,55,High,NAB-C000269,Lily Brown,Canada,Verified,Retail
70,31,28362.04806,49986.27,879223.49,31,5,0,1,0,0,0,1,31,879223.49,1,55,High,NAB-C000070,Ramatu Sani,Nigeria,Verified,Premium
78,40,12875.9975,24005.08,515039.9,40,5,0,1,0,0,0,1,4,60311.75,1,55,High,NAB-C000078,Femi Dlamini,Nigeria,Verified,SME
80,33,27252.44606,47994.66,899330.72,33,4,0,1,0,0,0,1,33,899330.72,1,55,High,NAB-C000080,Ahmed Gonzalez,Nigeria,Verified,Retail
220,35,13075.92257,24994.85,457657.29,35,5,0,1,0,0,0,1,3,40867.61,1,55,High,NAB-C000220,Jack Omar,Kenya,Pending,SME
133,44,13403.22909,24847.47,589742.08,44,4,0,1,0,0,0,1,9,136576.38,1,55,High,NAB-C000133,Toyin Chukwu,UAE,Verified,Retail
284,32,12457.69906,24181.91,398646.37,32,3,0,1,0,0,0,1,7,89620.96,1,55,High,NAB-C000284,Hadiza Sithole,Ghana,Pending,Premium
147,46,14154.87043,24934.78,651124.04,46,3,0,1,0,0,0,1,9,143918.91,1,55,High,NAB-C000147,Patience Chukwu,Ghana,Verified,Retail
149,34,12651.56353,24498.33,430153.16,34,4,0,1,0,0,0,1,8,99549.02,1,55,High,NAB-C000149,Edward Mensah,Canada,Verified,Corporate
150,30,13303.631,24848.81,399108.93,30,3,0,1,0,0,0,1,7,82100.34,1,55,High,NAB-C000150,Garba Lewis,United Kingdom,Verified,Corporate
179,35,14445.76286,24709.27,505601.7,35,4,0,1,0,0,0,1,13,195612.42,1,55,High,NAB-C000179,Hassan Fashola,Nigeria,Expired,Retail
98,30,24018.81933,47589.79,720564.58,30,2,0,1,0,0,0,1,30,720564.58,1,55,High,NAB-C000098,Gbenga Saleh,Canada,Verified,SME
165,37,13189.7927,24815.48,488022.33,37,4,0,1,0,0,0,1,5,66500.75,1,55,High,NAB-C000165,Nomvula Mensah,United Kingdom,Verified,SME
157,22,24677.35091,49013.36,542901.72,22,3,0,1,0,0,0,1,22,542901.72,1,55,High,NAB-C000157,Isabella Mensah,United Kingdom,Verified,Retail
5395,13,711.6584615,4569.26,9251.56,0,0,1,0,0,1,1,2,0,0,0,50,High,NAB-C005395,Lindiwe Ibrahim,United Kingdom,Pending,SME
5474,23,429.3356522,2127.32,9874.72,0,3,1,0,0,1,1,2,0,0,0,50,High,NAB-C005474,Nomvula Obi,Ghana,Verified,Premium
5428,29,345.6310345,2428.38,10023.3,0,2,1,0,0,1,1,2,0,0,0,50,High,NAB-C005428,Daniel Hughes,South Africa,Verified,SME
5471,32,800.4096875,6978.93,25613.11,0,3,1,0,0,1,1,2,0,0,0,50,High,NAB-C005471,Aliyu Wike,Nigeria,Verified,Retail
5493,32,561.3346875,3005.36,17962.71,0,2,1,0,0,1,1,2,0,0,0,50,High,NAB-C005493,Bongani Roberts,Nigeria,Verified,Premium
5483,24,432.0795833,1933.21,10369.91,0,0,1,0,0,1,1,2,0,0,0,50,High,NAB-C005483,Lindiwe Sanwo,United Kingdom,Verified,Retail
5485,22,479.2831818,5167.74,10544.23,0,0,1,0,0,1,1,2,0,0,0,50,High,NAB-C005485,Kojo Ibrahim,Nigeria,Verified,SME
5525,18,440.9211111,1898.95,7936.58,0,0,1,0,0,1,1,2,0,0,0,50,High,NAB-C005525,Joke Sani,Nigeria,Verified,Corporate
5398,25,376.77,3513.69,9419.25,0,0,1,0,0,1,1,2,0,0,0,50,High,NAB-C005398,Nomvula Oduya,UAE,Verified,Retail
5224,25,418.5064,1845.43,10462.66,0,1,1,0,0,1,1,2,0,0,0,50,High,NAB-C005224,Blessing Ambode,Nigeria,Pending,Retail
5391,40,460.455,2504.91,18418.2,0,0,1,0,0,1,1,2,0,0,0,50,High,NAB-C005391,Amina Dlamini,South Africa,Verified,Retail
5382,24,286.27625,1635.97,6870.63,0,2,1,0,0,1,1,2,0,0,0,50,High,NAB-C005382,Efua Buhari,United Kingdom,Verified,Premium
5371,23,603.2608696,2098.6,13875,0,0,1,0,0,1,1,2,0,0,0,50,High,NAB-C005371,Harry Nxumalo,Nigeria,Verified,SME
5353,32,350.2940625,1270.01,11209.41,0,2,1,0,0,1,1,2,0,0,0,50,High,NAB-C005353,Garba Bello,Nigeria,Verified,Retail
5351,18,589.8605556,4588.14,10617.49,0,0,1,0,0,1,1,2,0,0,0,50,High,NAB-C005351,Harry Atiku,Nigeria,Verified,Corporate
5344,13,776.6007692,4885.35,10095.81,0,1,1,0,0,1,1,2,0,0,0,50,High,NAB-C005344,Safiya Garcia,Germany,Expired,Retail
5323,18,759.0016667,4472.8,13662.03,0,0,1,0,0,1,1,2,0,0,0,50,High,NAB-C005323,Yaw Evans,Nigeria,Verified,SME
5266,32,369.49,1770.35,11823.68,0,0,1,0,0,1,1,2,0,0,0,50,High,NAB-C005266,Daniel Nkosi,UAE,Verified,SME
5256,24,443.9820833,2555,10655.57,0,1,1,0,0,1,1,2,0,0,0,50,High,NAB-C005256,Chukwuemeka Hernandez,UAE,Verified,Retail
5228,25,378.1812,2160.46,9454.53,0,0,1,0,0,1,1,2,0,0,0,50,High,NAB-C005228,Yaw Smith,Nigeria,Verified,SME
5562,19,647.3689474,5616.68,12300.01,0,0,1,0,0,1,1,2,0,0,0,50,High,NAB-C005562,Rotimi Davis,Nigeria,Pending,Premium
5549,21,355.262381,1374.88,7460.51,0,1,1,0,0,1,1,2,0,0,0,50,High,NAB-C005549,Zainab Ikenna,Canada,Verified,Retail
5938,26,621.0984615,3142,16148.56,0,1,1,0,0,1,1,2,0,0,0,50,High,NAB-C005938,Ronke Mensah,Germany,Verified,Retail
5581,20,626.091,5998.43,12521.82,0,0,1,0,0,1,1,2,0,0,0,50,High,NAB-C005581,Safiya Gonzalez,Nigeria,Verified,Premium
5816,30,474.5153333,5391.38,14235.46,0,2,1,0,0,1,1,2,0,0,0,50,High,NAB-C005816,Olivia Musa,Kenya,Verified,Retail
6038,22,594.1995455,4343.47,13072.39,0,1,1,0,0,1,1,2,0,0,0,50,High,NAB-C006038,Nomvula Idris,Nigeria,Verified,Retail
6021,26,682.0934615,3307.42,17734.43,0,2,1,0,0,1,1,2,0,0,0,50,High,NAB-C006021,Luis Atiku,Ghana,Verified,SME
5162,18,561.7838889,3264.77,10112.11,0,0,1,0,0,1,1,2,0,0,0,50,High,NAB-C005162,Babatunde Onuoha,Ghana,Expired,Corporate
5905,18,493.1544444,3610.2,8876.78,0,1,1,0,0,1,1,2,0,0,0,50,High,NAB-C005905,Chukwuemeka Smith,UAE,Verified,Retail
5855,27,516.96,5321.34,13957.92,0,2,1,0,0,1,1,2,0,0,0,50,High,NAB-C005855,Rotimi Martinez,Nigeria,Verified,Corporate
5851,25,483.3656,1991.61,12084.14,0,2,1,0,0,1,1,2,0,0,0,50,High,NAB-C005851,Efua Omar,South Africa,Verified,Corporate
5837,25,547.6452,3311.4,13691.13,0,1,1,0,0,1,1,2,0,0,0,50,High,NAB-C005837,Babatunde Evans,Ghana,Verified,Premium
5830,23,207.6556522,634.36,4776.08,0,0,1,0,0,1,1,2,0,0,0,50,High,NAB-C005830,Sipho Adeyemi,Nigeria,Expired,Corporate
5820,28,479.4057143,1752.49,13423.36,0,3,1,0,0,1,1,2,0,0,0,50,High,NAB-C005820,Toyin Miller,United States,Verified,Retail
5812,31,559.1696774,3386.64,17334.26,0,0,1,0,0,1,1,2,0,0,0,50,High,NAB-C005812,Valentina Mokoena,Nigeria,Pending,Retail
5587,23,412.4130435,2356.41,9485.5,0,1,1,0,0,1,1,2,0,0,0,50,High,NAB-C005587,Amina Idris,Nigeria,Verified,Retail
5804,28,452.5271429,2382.06,12670.76,0,0,1,0,0,1,1,2,0,0,0,50,High,NAB-C005804,Henry Davis,Nigeria,Verified,Retail
5797,29,335.9186207,2958.99,9741.64,0,1,1,0,0,1,1,2,0,0,0,50,High,NAB-C005797,Kwame Nwachukwu,Nigeria,Pending,Corporate
5776,20,407.7805,2047.23,8155.61,0,0,1,0,0,1,1,2,0,0,0,50,High,NAB-C005776,Henry Nkosi,Nigeria,Verified,Corporate
5769,17,549.7770588,2820.45,9346.21,0,0,1,0,0,1,1,2,0,0,0,50,High,NAB-C005769,Oliver Tinubu,Nigeria,Verified,Corporate
5757,25,452.1408,2688.89,11303.52,0,1,1,0,0,1,1,2,0,0,0,50,High,NAB-C005757,Amelia Jones,Ghana,Verified,SME
5703,23,397.1665217,1220.2,9134.83,0,0,1,0,0,1,1,2,0,0,0,50,High,NAB-C005703,Lanre Adewale,Nigeria,Expired,Premium
5692,22,459.9395455,1699.17,10118.67,0,0,1,0,0,1,1,2,0,0,0,50,High,NAB-C005692,Thomas Boateng,Ghana,Verified,Corporate
5688,26,571.6015385,3277.31,14861.64,0,1,1,0,0,1,1,2,0,0,0,50,High,NAB-C005688,Joseph Miller,Nigeria,Verified,Corporate
5626,27,502.0359259,2827.43,13554.97,0,0,1,0,0,1,1,2,0,0,0,50,High,NAB-C005626,Yetunde Thomas,United Kingdom,Pending,Retail
5198,27,517.8744444,4077.9,13982.61,0,0,1,0,0,1,1,2,0,0,0,50,High,NAB-C005198,Joseph Nxumalo,Nigeria,Verified,SME
4733,24,411.7829167,1563.4,9882.79,0,1,1,0,0,1,1,2,0,0,0,50,High,NAB-C004733,Folake Garcia,Kenya,Verified,SME
5142,30,368.8293333,1650.7,11064.88,0,1,1,0,0,1,1,2,0,0,0,50,High,NAB-C005142,Aliyu Idris,United Kingdom,Verified,Retail
4608,23,294.893913,1042.29,6782.56,0,1,1,0,0,1,1,2,0,0,0,50,High,NAB-C004608,Ntombi Lopez,Nigeria,Verified,Corporate
4590,19,261.1478947,867.97,4961.81,0,0,1,0,0,1,1,2,0,0,0,50,High,NAB-C004590,Gbenga Boateng,Kenya,Verified,Premium
4564,25,515.0204,2640.95,12875.51,0,0,1,0,0,1,1,2,0,0,0,50,High,NAB-C004564,Grace Garcia,United Kingdom,Verified,Premium
4537,25,489.258,2849.18,12231.45,0,1,1,0,0,1,1,2,0,0,0,50,High,NAB-C004537,Gbenga Atiku,Nigeria,Verified,Corporate
4510,35,588.4925714,6233.22,20597.24,0,1,1,0,0,1,1,2,0,0,0,50,High,NAB-C004510,Faith Evans,United Kingdom,Verified,Retail
4509,22,1267.546364,15000,27886.02,0,1,1,0,0,1,1,2,0,0,0,50,High,NAB-C004509,Aliyu Owusu,Nigeria,Verified,SME
4496,17,242.2388235,795.87,4118.06,0,0,1,0,0,1,1,2,0,0,0,50,High,NAB-C004496,Ahmed Taylor,United States,Verified,Corporate
4492,18,593.7644444,2296.44,10687.76,0,0,1,0,0,1,1,2,0,0,0,50,High,NAB-C004492,Olivia Ibrahim,Nigeria,Verified,SME
4483,25,327.7252,1877.48,8193.13,0,1,1,0,0,1,1,2,0,0,0,50,High,NAB-C004483,Faith Idris,United States,Verified,SME
4482,24,503.9333333,5472.42,12094.4,0,1,1,0,0,1,1,2,0,0,0,50,High,NAB-C004482,Abena Zulu,Germany,Verified,Premium
4472,31,811.7158065,6853.27,25163.19,0,0,1,0,0,1,1,2,0,0,0,50,High,NAB-C004472,Yetunde Asante,Kenya,Verified,SME
4405,27,466.5451852,1880.66,12596.72,0,0,1,0,0,1,1,2,0,0,0,50,High,NAB-C004405,Bello Darko,United Kingdom,Verified,Corporate
4394,23,475.8643478,2250.14,10944.88,0,0,1,0,0,1,1,2,0,0,0,50,High,NAB-C004394,Kemi Okonkwo,Nigeria,Verified,Retail
4372,18,358.2355556,1613.37,6448.24,0,0,1,0,0,1,1,2,0,0,0,50,High,NAB-C004372,Samuel Nwachukwu,France,Verified,Corporate
4365,33,361.0009091,3295.63,11913.03,0,2,1,0,0,1,1,2,0,0,0,50,High,NAB-C004365,Efua Sanwo,United Kingdom,Verified,Corporate
4359,24,766.6879167,10693.89,18400.51,0,2,1,0,0,1,1,2,0,0,0,50,High,NAB-C004359,Comfort Fashola,Nigeria,Expired,SME
4343,21,636.5790476,3556.99,13368.16,0,1,1,0,0,1,1,2,0,0,0,50,High,NAB-C004343,Edward Evans,Nigeria,Verified,Retail
4336,27,477.3751852,2384.5,12889.13,0,0,1,0,0,1,1,2,0,0,0,50,High,NAB-C004336,Femi Chukwu,United Kingdom,Verified,Corporate
4334,25,358.788,1483.47,8969.7,0,3,1,0,0,1,1,2,0,0,0,50,High,NAB-C004334,Garba Taylor,Kenya,Pending,Corporate
4285,26,451.1,4906.33,11728.6,0,0,1,0,0,1,1,2,0,0,0,50,High,NAB-C004285,Peace Buhari,Nigeria,Verified,SME
4280,24,433.12875,2490.33,10395.09,0,2,1,0,0,1,1,2,0,0,0,50,High,NAB-C004280,Ntombi Mokoena,Ghana,Verified,Corporate
4232,34,536.5264706,5727.3,18241.9,0,0,1,0,0,1,1,2,0,0,0,50,High,NAB-C004232,Comfort Rodriguez,Nigeria,Verified,SME
4593,29,541.7962069,2512.37,15712.09,0,1,1,0,0,1,1,2,0,0,0,50,High,NAB-C004593,Blessing Miller,United Kingdom,Verified,Retail
4612,24,681.9495833,3726.13,16366.79,0,1,1,0,0,1,1,2,0,0,0,50,High,NAB-C004612,Babatunde Omar,Germany,Verified,Corporate
5135,23,508.7086957,2779.02,11700.3,0,2,1,0,0,1,1,2,0,0,0,50,High,NAB-C005135,Bongani Thomas,Nigeria,Verified,Corporate
4617,25,369.9744,1269.98,9249.36,0,1,1,0,0,1,1,2,0,0,0,50,High,NAB-C004617,Nomvula Fashola,Kenya,Pending,Premium
5082,24,442.1116667,1728.31,10610.68,0,1,1,0,0,1,1,2,0,0,0,50,High,NAB-C005082,Faith Dlamini,United States,Verified,Retail
5081,25,515.1988,2277.84,12879.97,0,2,1,0,0,1,1,2,0,0,0,50,High,NAB-C005081,Olivia Darko,Nigeria,Verified,Premium
4988,30,533.369,4765.91,16001.07,0,1,1,0,0,1,1,2,0,0,0,50,High,NAB-C004988,Hauwa Idris,United Kingdom,Verified,SME
4985,28,852.6857143,7324.99,23875.2,0,0,1,0,0,1,1,2,0,0,0,50,High,NAB-C004985,Zainab Williams,United Kingdom,Verified,Premium
4933,26,610.9403846,4813.31,15884.45,0,0,1,0,0,1,1,2,0,0,0,50,High,NAB-C004933,Akosua Okafor,UAE,Verified,SME
4886,26,418.4953846,1322.67,10880.88,0,3,1,0,0,1,1,2,0,0,0,50,High,NAB-C004886,Kayode Perez,United Kingdom,Verified,SME
4875,17,486.3935294,2363.68,8268.69,0,0,1,0,0,1,1,2,0,0,0,50,High,NAB-C004875,Zanele Jones,United Kingdom,Verified,Retail
4852,20,614.1335,3025.14,12282.67,0,0,1,0,0,1,1,2,0,0,0,50,High,NAB-C004852,Nomvula Yusuf,Ghana,Verified,Retail
4850,23,306.4904348,1313.18,7049.28,0,0,1,0,0,1,1,2,0,0,0,50,High,NAB-C004850,Safiya Yusuf,Nigeria,Verified,SME
4848,25,860.0292,5895.25,21500.73,0,0,1,0,0,1,1,2,0,0,0,50,High,NAB-C004848,Nomvula Atiku,United Kingdom,Pending,Corporate
4824,19,718.5668421,4492.82,13652.77,0,1,1,0,0,1,1,2,0,0,0,50,High,NAB-C004824,Aisha Perez,Nigeria,Verified,Retail
4810,29,601.7431034,3042.48,17450.55,0,0,1,0,0,1,1,2,0,0,0,50,High,NAB-C004810,Ngozi Ambode,Nigeria,Verified,Premium
4777,18,396.8483333,2359.72,7143.27,0,1,1,0,0,1,1,2,0,0,0,50,High,NAB-C004777,Ntombi Dlamini,Nigeria,Verified,SME
4762,35,477.1782857,3437.21,16701.24,0,0,1,0,0,1,1,2,0,0,0,50,High,NAB-C004762,David Williams,Kenya,Verified,Premium
4758,21,428.8228571,1465.58,9005.28,0,0,1,0,0,1,1,2,0,0,0,50,High,NAB-C004758,Patience Khalid,Canada,Verified,Premium
4749,26,616.5096154,2829.85,16029.25,0,0,1,0,0,1,1,2,0,0,0,50,High,NAB-C004749,Grace Miller,United Kingdom,Verified,Premium
4740,23,523.5191304,2804.77,12040.94,0,2,1,0,0,1,1,2,0,0,0,50,High,NAB-C004740,Lindiwe Wilson,United Kingdom,Verified,Corporate
4737,19,405.5315789,2241.64,7705.1,0,0,1,0,0,1,1,2,0,0,0,50,High,NAB-C004737,Lily Wilson,UAE,Verified,Corporate
6043,14,583.7357143,2819.7,8172.3,0,1,1,0,0,1,1,2,0,0,0,50,High,NAB-C006043,Sofia Yakubu,Canada,Verified,Corporate
4700,24,473.2691667,2271.31,11358.46,0,4,1,0,0,1,1,2,0,0,0,50,High,NAB-C004700,Mariam Johnson,Ghana,Pending,Corporate
4618,19,484.6005263,3019.45,9207.41,0,0,1,0,0,1,1,2,0,0,0,50,High,NAB-C004618,Abena Fashola,Nigeria,Expired,Premium
6040,25,637.5696,2670.99,15939.24,0,0,1,0,0,1,1,2,0,0,0,50,High,NAB-C006040,Olivia Moore,Kenya,Verified,Premium
6556,26,653.9415385,5724.54,17002.48,0,2,1,0,0,1,1,2,0,0,0,50,High,NAB-C006556,Sipho Williams,Nigeria,Verified,SME
6056,30,871.4366667,12389.33,26143.1,0,0,1,0,0,1,1,2,0,0,0,50,High,NAB-C006056,Kwame Jones,Canada,Expired,Premium
7197,21,362.4728571,1362.76,7611.93,0,0,1,0,0,1,1,2,0,0,0,50,High,NAB-C007197,George Evans,Ghana,Verified,Retail
7652,25,375.6736,1445.24,9391.84,0,3,1,0,0,1,1,2,0,0,0,50,High,NAB-C007652,Musa Nwosu,Ghana,Verified,Corporate
7600,29,592.142069,3749.73,17172.12,0,1,1,0,0,1,1,2,0,0,0,50,High,NAB-C007600,Michael Zulu,Nigeria,Verified,Corporate
7569,29,542.1744828,3412.78,15723.06,0,4,1,0,0,1,1,2,0,0,0,50,High,NAB-C007569,Isla Omar,United Kingdom,Verified,Premium
7544,28,350.8278571,1102.98,9823.18,0,1,1,0,0,1,1,2,0,0,0,50,High,NAB-C007544,Yusuf Nkosi,Nigeria,Pending,Retail
7539,28,465.5375,1888.11,13035.05,0,0,1,0,0,1,1,2,0,0,0,50,High,NAB-C007539,Nomvula Owusu,Nigeria,Verified,Premium
7526,25,312.1504,978.92,7803.76,0,0,1,0,0,1,1,2,0,0,0,50,High,NAB-C007526,Lily Wilson,Nigeria,Verified,SME
7509,22,365.1972727,1699.45,8034.34,0,1,1,0,0,1,1,2,0,0,0,50,High,NAB-C007509,Carlos Obi,Nigeria,Verified,Corporate
7447,29,387.7682759,1517.72,11245.28,0,1,1,0,0,1,1,2,0,0,0,50,High,NAB-C007447,Grace Adeyemi,Canada,Verified,Retail
7435,39,538.3282051,4464.9,20994.8,0,1,1,0,0,1,1,2,0,0,0,50,High,NAB-C007435,Fatima Ibrahim,United Kingdom,Verified,Retail
7414,20,548.4185,1974.09,10968.37,0,0,1,0,0,1,1,2,0,0,0,50,High,NAB-C007414,Comfort Abubakar,France,Expired,Premium
7385,31,964.2070968,6181.9,29890.42,0,0,1,0,0,1,1,2,0,0,0,50,High,NAB-C007385,Rotimi Evans,United Kingdom,Verified,Corporate
7360,23,787.3426087,5587.19,18108.88,0,1,1,0,0,1,1,2,0,0,0,50,High,NAB-C007360,Amina Ibrahim,South Africa,Verified,SME
7350,27,647.2944444,4017.75,17476.95,0,0,1,0,0,1,1,2,0,0,0,50,High,NAB-C007350,Hadiza Mensah,UAE,Verified,Premium
7347,25,535.7404,2201.81,13393.51,0,1,1,0,0,1,1,2,0,0,0,50,High,NAB-C007347,Luis Abubakar,UAE,Pending,Premium
7335,24,484.42,1767.45,11626.08,0,0,1,0,0,1,1,2,0,0,0,50,High,NAB-C007335,Maria Tinubu,France,Verified,Retail
7309,27,333.197037,2331.77,8996.32,0,0,1,0,0,1,1,2,0,0,0,50,High,NAB-C007309,Harry Miller,United Kingdom,Pending,Corporate
7308,25,364.8136,1712.56,9120.34,0,1,1,0,0,1,1,2,0,0,0,50,High,NAB-C007308,Thabo Atiku,Kenya,Verified,SME
7286,30,373.1643333,1407.5,11194.93,0,1,1,0,0,1,1,2,0,0,0,50,High,NAB-C007286,Dele Williams,United Kingdom,Verified,Corporate
7259,23,574.2752174,4693.98,13208.33,0,1,1,0,0,1,1,2,0,0,0,50,High,NAB-C007259,Adewale Ikenna,Nigeria,Verified,SME
7251,11,234.5363636,945.71,2579.9,0,0,1,0,0,1,1,2,0,0,0,50,High,NAB-C007251,Ngozi Obiora,Nigeria,Verified,Retail
7235,25,336.5336,1998.7,8413.34,0,1,1,0,0,1,1,2,0,0,0,50,High,NAB-C007235,Lebo Oduya,Ghana,Verified,SME
7661,28,311.3078571,1302.36,8716.62,0,2,1,0,0,1,1,2,0,0,0,50,High,NAB-C007661,Chukwuemeka Williams,France,Verified,Corporate
7672,24,552.0483333,2980.37,13249.16,0,1,1,0,0,1,1,2,0,0,0,50,High,NAB-C007672,James Hughes,Canada,Verified,SME
7677,23,534.4691304,4136.91,12292.79,0,1,1,0,0,1,1,2,0,0,0,50,High,NAB-C007677,Ronke Adewale,France,Verified,SME
7833,24,439.0258333,2644.8,10536.62,0,1,1,0,0,1,1,2,0,0,0,50,High,NAB-C007833,Zainab Osei,South Africa,Verified,SME
4211,26,362.0215385,2443.09,9412.56,0,4,1,0,0,1,1,2,0,0,0,50,High,NAB-C004211,Zanele Tinubu,United States,Verified,Retail
7989,25,542.5768,3351.94,13564.42,0,0,1,0,0,1,1,2,0,0,0,50,High,NAB-C007989,Mercy Wilson,Nigeria,Verified,Retail
7966,28,420.6632143,2345.2,11778.57,0,0,1,0,0,1,1,2,0,0,0,50,High,NAB-C007966,Dele Taylor,Nigeria,Verified,Retail
7949,32,445.806875,4151.99,14265.82,0,3,1,0,0,1,1,2,0,0,0,50,High,NAB-C007949,Sofia Atiku,Canada,Verified,Retail
7901,24,1059.122083,15000,25418.93,0,0,1,0,0,1,1,2,0,0,0,50,High,NAB-C007901,Chioma Bello,Nigeria,Expired,SME
7893,22,379.5936364,1500.55,8351.06,0,0,1,0,0,1,1,2,0,0,0,50,High,NAB-C007893,William Hughes,Kenya,Verified,Corporate
7858,21,707.872381,5634.4,14865.32,0,0,1,0,0,1,1,2,0,0,0,50,High,NAB-C007858,Faith Evans,Canada,Expired,Retail
7837,21,271.4857143,1430.82,5701.2,0,0,1,0,0,1,1,2,0,0,0,50,High,NAB-C007837,Bongani Hernandez,United States,Verified,Retail
7836,21,393.0890476,2282.83,8254.87,0,0,1,0,0,1,1,2,0,0,0,50,High,NAB-C007836,Abena Gonzalez,UAE,Verified,Premium
7812,22,577.955,2597.02,12715.01,0,0,1,0,0,1,1,2,0,0,0,50,High,NAB-C007812,James Rodriguez,Nigeria,Verified,SME
7685,33,514.6960606,2098.92,16984.97,0,1,1,0,0,1,1,2,0,0,0,50,High,NAB-C007685,Maria Obi,UAE,Pending,Premium
7807,22,429.0359091,2979.21,9438.79,0,1,1,0,0,1,1,2,0,0,0,50,High,NAB-C007807,Abena Okafor,South Africa,Verified,Retail
7801,20,387.512,1314.53,7750.24,0,1,1,0,0,1,1,2,0,0,0,50,High,NAB-C007801,Thabo Thomas,United States,Verified,Corporate
7796,31,432.1009677,4265.53,13395.13,0,0,1,0,0,1,1,2,0,0,0,50,High,NAB-C007796,Efua Agyei,South Africa,Verified,SME
7765,18,437.8111111,2423.58,7880.6,0,0,1,0,0,1,1,2,0,0,0,50,High,NAB-C007765,Olivia Smith,Nigeria,Verified,Corporate
7756,30,488.747,2700.8,14662.41,0,0,1,0,0,1,1,2,0,0,0,50,High,NAB-C007756,Kofi Darko,South Africa,Verified,SME
7745,35,357.816,1731.68,12523.56,0,2,1,0,0,1,1,2,0,0,0,50,High,NAB-C007745,Kemi Brown,Ghana,Verified,Retail
7728,30,243.566,1322.79,7306.98,0,0,1,0,0,1,1,2,0,0,0,50,High,NAB-C007728,Gbenga Rodriguez,UAE,Verified,Premium
7705,22,319.9027273,1572.51,7037.86,0,0,1,0,0,1,1,2,0,0,0,50,High,NAB-C007705,Sophie Adewale,Nigeria,Pending,SME
7689,24,463.02625,3807.86,11112.63,0,0,1,0,0,1,1,2,0,0,0,50,High,NAB-C007689,Thomas Smith,UAE,Verified,Corporate
7205,28,423.1757143,1677.61,11848.92,0,0,1,0,0,1,1,2,0,0,0,50,High,NAB-C007205,Nomvula Atiku,South Africa,Pending,Retail
7147,27,332.7462963,2339.04,8984.15,0,2,1,0,0,1,1,2,0,0,0,50,High,NAB-C007147,Samuel Agyei,Germany,Expired,Retail
6084,18,847.8166667,4683.91,15260.7,0,0,1,0,0,1,1,2,0,0,0,50,High,NAB-C006084,Dele Jones,Germany,Verified,SME
7143,22,666.5404545,6802.79,14663.89,0,1,1,0,0,1,1,2,0,0,0,50,High,NAB-C007143,Hadiza Zulu,Nigeria,Pending,Corporate
6621,21,308.43,2198.92,6477.03,0,0,1,0,0,1,1,2,0,0,0,50,High,NAB-C006621,Lily Nwachukwu,Canada,Pending,Premium
6590,30,309.3936667,1540.56,9281.81,0,1,1,0,0,1,1,2,0,0,0,50,High,NAB-C006590,Maria Thomas,Nigeria,Verified,Corporate
6588,27,394.8055556,2291.72,10659.75,0,2,1,0,0,2,1,2,0,0,0,50,High,NAB-C006588,Emmanuel Brown,Nigeria,Verified,Retail
6551,32,859.710625,3507.07,27510.74,0,2,1,0,0,1,1,2,0,0,0,50,High,NAB-C006551,Isla Roberts,Nigeria,Pending,SME
6487,23,639.5843478,4383.27,14710.44,0,2,1,0,0,1,1,2,0,0,0,50,High,NAB-C006487,Oliver Obi,Nigeria,Verified,Retail
6483,25,405.0468,2369.84,10126.17,0,0,1,0,0,1,1,2,0,0,0,50,High,NAB-C006483,Nomvula Onuoha,UAE,Pending,Retail
6480,22,312.6822727,1226.58,6879.01,0,0,1,0,0,1,1,2,0,0,0,50,High,NAB-C006480,William Johnson,Ghana,Verified,SME
6421,21,693.1733333,4307.95,14556.64,0,0,1,0,0,1,1,2,0,0,0,50,High,NAB-C006421,Thomas Osei,Nigeria,Verified,Premium
6360,33,574.8363636,3293.61,18969.6,0,0,1,0,0,1,1,2,0,0,0,50,High,NAB-C006360,Ronke Agyei,UAE,Verified,Corporate
6302,23,403.6404348,1523.45,9283.73,0,1,1,0,0,1,1,2,0,0,0,50,High,NAB-C006302,Chioma Hassan,Nigeria,Verified,Premium
6288,24,465.06125,1750.72,11161.47,0,0,1,0,0,1,1,2,0,0,0,50,High,NAB-C006288,Bukola Mthembu,South Africa,Verified,Retail
6287,29,582.6175862,3314.84,16895.91,0,1,1,0,0,1,1,2,0,0,0,50,High,NAB-C006287,Sofia Ali,Germany,Expired,Corporate
6270,28,577.7546429,3538.35,16177.13,0,3,1,0,0,1,1,2,0,0,0,50,High,NAB-C006270,Efua Wike,Nigeria,Verified,Retail
6241,26,432.5876923,1790.78,11247.28,0,3,1,0,0,1,1,2,0,0,0,50,High,NAB-C006241,Oliver Musa,Nigeria,Pending,SME
6220,26,403.4692308,2012.74,10490.2,0,0,1,0,0,1,1,2,0,0,0,50,High,NAB-C006220,Peace Khalid,Ghana,Verified,SME
6198,33,313.7693939,1955.02,10354.39,0,1,1,0,0,1,1,2,0,0,0,50,High,NAB-C006198,Samuel Asante,Germany,Verified,Premium
6181,17,532.4023529,2925.73,9050.84,0,2,1,0,0,1,1,2,0,0,0,50,High,NAB-C006181,Patience Wilson,UAE,Pending,Retail
6162,31,388.7519355,2202.86,12051.31,0,0,1,0,0,2,1,2,0,0,0,50,High,NAB-C006162,Kemi Mthembu,United Kingdom,Verified,Retail
6115,24,446.4704167,2923.44,10715.29,0,0,1,0,0,1,1,2,0,0,0,50,High,NAB-C006115,Luis Mokoena,United States,Verified,Corporate
6106,33,554.9130303,2150.52,18312.13,0,0,1,0,0,1,1,2,0,0,0,50,High,NAB-C006106,Amina Johnson,South Africa,Verified,Retail
6103,25,490.7692,1577.11,12269.23,0,1,1,0,0,1,1,2,0,0,0,50,High,NAB-C006103,Tunde Nxumalo,Ghana,Verified,Retail
6641,24,385.4108333,2514.27,9249.86,0,0,1,0,0,1,1,2,0,0,0,50,High,NAB-C006641,Oliver Ali,Nigeria,Verified,SME
6670,21,362.3752381,1676.41,7609.88,0,1,1,0,0,1,1,2,0,0,0,50,High,NAB-C006670,Blessing Davies,Nigeria,Verified,Corporate
6678,17,622.9676471,3551.31,10590.45,0,0,1,0,0,1,1,2,0,0,0,50,High,NAB-C006678,Ibrahim Yakubu,Nigeria,Verified,Premium
6987,28,608.0492857,2328.86,17025.38,0,0,1,0,0,1,1,2,0,0,0,50,High,NAB-C006987,Edward Adeyemi,South Africa,Verified,Retail
7133,29,379.5862069,1403.16,11008,0,1,1,0,0,1,1,2,0,0,0,50,High,NAB-C007133,Mariam Fashola,Nigeria,Verified,SME
7127,25,416.1656,1750.42,10404.14,0,2,1,0,0,1,1,2,0,0,0,50,High,NAB-C007127,Lanre Tinubu,Nigeria,Pending,SME
7114,23,322.5465217,1046.63,7418.57,0,1,1,0,0,1,1,2,0,0,0,50,High,NAB-C007114,James Eze,Nigeria,Verified,Premium
7094,23,561.1230435,1982.74,12905.83,0,0,1,0,0,1,1,2,0,0,0,50,High,NAB-C007094,Ntombi Abubakar,France,Verified,Premium
7075,28,244.0589286,1512.43,6833.65,0,3,1,0,0,1,1,2,0,0,0,50,High,NAB-C007075,Folake Yakubu,Nigeria,Verified,Premium
7072,24,1217.460833,12536,29219.06,0,0,1,0,0,1,1,2,0,0,0,50,High,NAB-C007072,Fatima Obi,Ghana,Verified,Corporate
7065,24,642.9416667,2306.87,15430.6,0,1,1,0,0,1,1,2,0,0,0,50,High,NAB-C007065,Harry Onuoha,Nigeria,Verified,Corporate
7014,15,759.652,3765.86,11394.78,0,1,1,0,0,1,1,2,0,0,0,50,High,NAB-C007014,Emmanuel Owusu,United Kingdom,Verified,Corporate
7013,19,837.3794737,5212.48,15910.21,0,0,1,0,0,1,1,2,0,0,0,50,High,NAB-C007013,Nomvula Taylor,Canada,Verified,Retail
6961,16,465.845,1937.72,7453.52,0,0,1,0,0,1,1,2,0,0,0,50,High,NAB-C006961,Ngozi Mthembu,Nigeria,Pending,SME
6708,16,282.9125,958.81,4526.6,0,0,1,0,0,1,1,2,0,0,0,50,High,NAB-C006708,Kojo Brown,Nigeria,Verified,Corporate
6945,19,356.0236842,1753.97,6764.45,0,0,1,0,0,1,1,2,0,0,0,50,High,NAB-C006945,Emmanuel Oduya,United Kingdom,Verified,Premium
6909,26,435.0938462,1942.09,11312.44,0,0,1,0,0,1,1,2,0,0,0,50,High,NAB-C006909,Usman Okonkwo,Nigeria,Verified,Premium
6902,29,637.4275862,6838.28,18485.4,0,2,1,0,0,1,1,2,0,0,0,50,High,NAB-C006902,Charlotte Okonkwo,Nigeria,Pending,Corporate
6895,25,422.4972,2763.98,10562.43,0,0,1,0,0,1,1,2,0,0,0,50,High,NAB-C006895,Michael Onuoha,Nigeria,Verified,Premium
6894,21,355.24,1465.26,7460.04,0,0,1,0,0,1,1,2,0,0,0,50,High,NAB-C006894,Samuel Wike,Nigeria,Verified,Retail
6854,27,465.2514815,2631.69,12561.79,0,0,1,0,0,2,1,2,0,0,0,50,High,NAB-C006854,Comfort Nxumalo,Nigeria,Pending,Premium
6842,26,370.72,1273.05,9638.72,0,0,1,0,0,1,1,2,0,0,0,50,High,NAB-C006842,Lanre Bello,Ghana,Verified,Retail
6841,22,381.0913636,1951.08,8384.01,0,1,1,0,0,1,1,2,0,0,0,50,High,NAB-C006841,Rotimi Garcia,Germany,Verified,SME
6790,23,305.48,1151.23,7026.04,0,2,1,0,0,1,1,2,0,0,0,50,High,NAB-C006790,Miguel Garcia,Nigeria,Verified,Premium
4225,24,353.2445833,1162.44,8477.87,0,1,1,0,0,1,1,2,0,0,0,50,High,NAB-C004225,Abena Saleh,Nigeria,Verified,Premium
1843,24,634.1504167,2778.73,15219.61,0,0,1,0,0,2,1,2,0,0,0,50,High,NAB-C001843,Seun Sani,United Kingdom,Verified,Retail
4208,20,556.6345,1967.55,11132.69,0,0,1,0,0,1,1,2,0,0,0,50,High,NAB-C004208,Funke Hassan,Nigeria,Verified,Corporate
2213,20,428.2345,1374.14,8564.69,0,0,1,0,0,1,1,2,0,0,0,50,High,NAB-C002213,Sipho Garcia,Nigeria,Pending,Premium
1803,26,554.7334615,5155.32,14423.07,0,0,1,0,0,1,1,2,0,0,0,50,High,NAB-C001803,Joke Eze,United Kingdom,Verified,Retail
1794,24,793.6533333,5801.07,19047.68,0,1,1,0,0,1,1,2,0,0,0,50,High,NAB-C001794,Carlos Tinubu,Nigeria,Verified,SME
1781,29,362.3293103,2714.19,10507.55,0,3,1,0,0,1,1,2,0,0,0,50,High,NAB-C001781,David Mokoena,Nigeria,Verified,SME
1737,21,337.4490476,1246.41,7086.43,0,1,1,0,0,1,1,2,0,0,0,50,High,NAB-C001737,Sophie Yakubu,Germany,Verified,SME
1731,33,560.4136364,4330.06,18493.65,0,0,1,0,0,1,1,2,0,0,0,50,High,NAB-C001731,Usman Chukwu,Nigeria,Verified,Premium
1694,27,470.8022222,3191.36,12711.66,0,1,1,0,0,2,1,2,0,0,0,50,High,NAB-C001694,Kofi Mensah,Nigeria,Verified,Retail
1669,27,482.5503704,2109.6,13028.86,0,0,1,0,0,1,1,2,0,0,0,50,High,NAB-C001669,Abdullahi Boateng,South Africa,Verified,Retail
1664,28,499.8264286,2743.35,13995.14,0,0,1,0,0,1,1,2,0,0,0,50,High,NAB-C001664,Usman Nkosi,Nigeria,Expired,SME
1657,18,404.7483333,1898.35,7285.47,0,0,1,0,0,1,1,2,0,0,0,50,High,NAB-C001657,Usman Rodriguez,United Kingdom,Verified,SME
1655,30,488.104,2979.11,14643.12,0,0,1,0,0,1,1,2,0,0,0,50,High,NAB-C001655,Musa Evans,United States,Pending,SME
1607,26,485.0953846,1551.14,12612.48,0,2,1,0,0,1,1,2,0,0,0,50,High,NAB-C001607,Sofia Sanwo,Canada,Verified,Retail
1566,24,675.8229167,2782.52,16219.75,0,1,1,0,0,1,1,2,0,0,0,50,High,NAB-C001566,Babatunde Bello,United Kingdom,Verified,Retail
1550,24,396.9954167,3185.79,9527.89,0,0,1,0,0,1,1,2,0,0,0,50,High,NAB-C001550,Zanele Thomas,United States,Verified,Premium
1528,15,323.0626667,1112.98,4845.94,0,1,1,0,0,1,1,2,0,0,0,50,High,NAB-C001528,Kemi Garcia,United States,Verified,Premium
1524,18,345.88,1974.92,6225.84,0,1,1,0,0,1,1,2,0,0,0,50,High,NAB-C001524,Bukola Miller,Nigeria,Verified,Retail
1512,29,580.9868966,3860.99,16848.62,0,2,1,0,0,1,1,2,0,0,0,50,High,NAB-C001512,Garba Idris,United States,Verified,Retail
1460,25,619.022,4297.24,15475.55,0,2,1,0,0,1,1,2,0,0,0,50,High,NAB-C001460,Grace Khalid,Ghana,Verified,Corporate
1444,22,465.6918182,2960.58,10245.22,0,1,1,0,0,1,1,2,0,0,0,50,High,NAB-C001444,Nomvula Yusuf,UAE,Verified,Retail
1422,27,459.4555556,3483.99,12405.3,0,1,1,0,0,1,1,2,0,0,0,50,High,NAB-C001422,Olivia Oduya,Nigeria,Verified,Retail
1419,23,602.883913,2746.95,13866.33,0,1,1,0,0,1,1,2,0,0,0,50,High,NAB-C001419,Daniel Onuoha,Nigeria,Verified,Premium
1389,21,1187.790476,9274.98,24943.6,0,0,1,0,0,1,1,2,0,0,0,50,High,NAB-C001389,Akosua Lopez,Nigeria,Verified,Retail
1809,21,434.8742857,2069.26,9132.36,0,2,1,0,0,1,1,2,0,0,0,50,High,NAB-C001809,Ronke Taylor,United Kingdom,Verified,SME
1812,28,307.22,2170.89,8602.16,0,0,1,0,0,1,1,2,0,0,0,50,High,NAB-C001812,Femi Bello,UAE,Verified,Retail
1814,22,318.6,1341.59,7009.2,0,0,1,0,0,1,1,2,0,0,0,50,High,NAB-C001814,Ibrahim Agyei,Germany,Verified,Retail
2125,25,1119.036,12065.21,27975.9,0,2,1,0,0,1,1,2,0,0,0,50,High,NAB-C002125,Ronke Hernandez,United Kingdom,Expired,SME
2175,20,466.313,2113.51,9326.26,0,0,1,0,0,1,1,2,0,0,0,50,High,NAB-C002175,Yetunde Ndlovu,Ghana,Pending,SME
2169,30,439.9573333,1935.92,13198.72,0,0,1,0,0,1,1,2,0,0,0,50,High,NAB-C002169,Bello Nkosi,South Africa,Verified,Premium
4193,21,680.3585714,5363.13,14287.53,0,0,1,0,0,1,1,2,0,0,0,50,High,NAB-C004193,Patience Ndlovu,South Africa,Verified,SME
2159,23,633.9878261,5076.2,14581.72,0,0,1,0,0,1,1,2,0,0,0,50,High,NAB-C002159,Carlos Hughes,Nigeria,Pending,Premium
2152,29,680.9944828,4384.79,19748.84,0,0,1,0,0,1,1,2,0,0,0,50,High,NAB-C002152,Jack Smith,United Kingdom,Verified,Retail
2148,22,433.5622727,1813.71,9538.37,0,0,1,0,0,1,1,2,0,0,0,50,High,NAB-C002148,Daniel Buhari,France,Verified,Premium
2144,21,293.1333333,1001.8,6155.8,0,1,1,0,0,1,1,2,0,0,0,50,High,NAB-C002144,Lindiwe Mokoena,United Kingdom,Verified,Corporate
2142,24,540.6279167,3516.66,12975.07,0,0,1,0,0,1,1,2,0,0,0,50,High,NAB-C002142,Ramatu Jones,Ghana,Verified,SME
2139,25,427.7224,1940.35,10693.06,0,1,1,0,0,1,1,2,0,0,0,50,High,NAB-C002139,Nomvula Rodriguez,Ghana,Verified,SME
2118,28,577.5810714,4296.06,16172.27,0,0,1,0,0,1,1,2,0,0,0,50,High,NAB-C002118,Funke Nwosu,Nigeria,Verified,SME
1875,28,574.0821429,2899.39,16074.3,0,1,1,0,0,1,1,2,0,0,0,50,High,NAB-C001875,David Garcia,United Kingdom,Verified,Corporate
2081,22,604.5145455,3095.22,13299.32,0,0,1,0,0,1,1,2,0,0,0,50,High,NAB-C002081,Ronke Hernandez,Nigeria,Verified,Retail
2051,21,756.6419048,4157.25,15889.48,0,0,1,0,0,1,1,2,0,0,0,50,High,NAB-C002051,Valentina Hassan,United Kingdom,Pending,SME
2032,26,394.0561538,2988.05,10245.46,0,2,1,0,0,1,1,2,0,0,0,50,High,NAB-C002032,Abena Garcia,United States,Verified,Premium
2018,22,654.655,5964.51,14402.41,0,2,1,0,0,1,1,2,0,0,0,50,High,NAB-C002018,Michael Yakubu,Nigeria,Verified,Retail
2009,25,472.4448,2104.18,11811.12,0,0,1,0,0,1,1,2,0,0,0,50,High,NAB-C002009,Thomas Miller,Nigeria,Verified,Retail
1967,29,420.7206897,2731.84,12200.9,0,1,1,0,0,1,1,2,0,0,0,50,High,NAB-C001967,Amelia Tinubu,Kenya,Verified,SME
1900,21,529.3580952,1823.35,11116.52,0,0,1,0,0,1,1,2,0,0,0,50,High,NAB-C001900,Ramatu Okonkwo,France,Verified,Retail
1884,29,549.2848276,5258.65,15929.26,0,2,1,0,0,1,1,2,0,0,0,50,High,NAB-C001884,Comfort Garcia,United Kingdom,Verified,Premium
1882,20,517.552,2507.71,10351.04,0,1,1,0,0,1,1,2,0,0,0,50,High,NAB-C001882,Ngozi Hernandez,Nigeria,Verified,Premium
1385,25,1050.7336,9514.31,26268.34,0,0,1,0,0,1,1,2,0,0,0,50,High,NAB-C001385,Michael Sanwo,Canada,Verified,Corporate
1334,36,422.3027778,1699.09,15202.9,0,0,1,0,0,2,1,2,0,0,0,50,High,NAB-C001334,Thomas Fashola,Nigeria,Verified,Corporate
1274,22,407.6886364,2146.41,8969.15,0,1,1,0,0,1,1,2,0,0,0,50,High,NAB-C001274,Lindiwe Dlamini,South Africa,Pending,Corporate
454,24,399.09,2416.67,9578.16,0,0,1,0,0,1,1,2,0,0,0,50,High,NAB-C000454,Akosua Asante,Germany,Verified,Retail
747,21,476.1138095,3400.47,9998.39,0,0,1,0,0,1,1,2,0,0,0,50,High,NAB-C000747,Yetunde Davis,Kenya,Verified,Premium
727,26,612.6157692,2317.16,15928.01,0,1,1,0,0,1,1,2,0,0,0,50,High,NAB-C000727,Abena Omar,Nigeria,Verified,Retail
722,29,332.5724138,1193.91,9644.6,0,1,1,0,0,1,1,2,0,0,0,50,High,NAB-C000722,Ntombi Atiku,Nigeria,Verified,Retail
719,22,451.7763636,3363.14,9939.08,0,0,1,0,0,1,1,2,0,0,0,50,High,NAB-C000719,Bola Moore,United Kingdom,Pending,SME
705,29,475.5375862,3344.41,13790.59,0,0,1,0,0,1,1,2,0,0,0,50,High,NAB-C000705,Olivia Davis,South Africa,Verified,Corporate
695,17,1086.348235,7617.89,18467.92,0,0,1,0,0,1,1,2,0,0,0,50,High,NAB-C000695,Mariam Boateng,Nigeria,Verified,Premium
682,21,467.4980952,2092.86,9817.46,0,0,1,0,0,1,1,2,0,0,0,50,High,NAB-C000682,Zanele Tinubu,Nigeria,Verified,SME
592,19,464.1926316,1778.28,8819.66,0,0,1,0,0,1,1,2,0,0,0,50,High,NAB-C000592,Ntombi Wike,United Kingdom,Verified,Retail
566,26,453.2176923,3288.11,11783.66,0,0,1,0,0,1,1,2,0,0,0,50,High,NAB-C000566,Seun Bello,United Kingdom,Verified,Retail
427,26,374.3415385,1773.35,9732.88,0,2,1,0,0,2,1,2,0,0,0,50,High,NAB-C000427,Aliyu Garcia,Ghana,Verified,Premium
823,29,492.5462069,2834.05,14283.84,0,2,1,0,0,1,1,2,0,0,0,50,High,NAB-C000823,Emmanuel Nxumalo,UAE,Verified,Premium
416,27,242.6814815,924.11,6552.4,0,0,1,0,0,1,1,2,0,0,0,50,High,NAB-C000416,David Hughes,Canada,Verified,Corporate
414,22,653.7577273,2952.72,14382.67,0,0,1,0,0,1,1,2,0,0,0,50,High,NAB-C000414,Hauwa Agyei,United States,Pending,Premium
411,24,473.86125,4321.75,11372.67,0,3,1,0,0,1,1,2,0,0,0,50,High,NAB-C000411,Samuel Hassan,Nigeria,Pending,Retail
394,26,408.5657692,1825.88,10622.71,0,0,1,0,0,1,1,2,0,0,0,50,High,NAB-C000394,Sophie Chukwu,Nigeria,Verified,Retail
368,22,702.3659091,3588.79,15452.05,0,1,1,0,0,1,1,2,0,0,0,50,High,NAB-C000368,Kofi Nwosu,Nigeria,Pending,Corporate
357,20,905.3815,6201.5,18107.63,0,0,1,0,0,1,1,2,0,0,0,50,High,NAB-C000357,Emma Nxumalo,Nigeria,Verified,Retail
327,28,370.7667857,1498.28,10381.47,0,2,1,0,0,1,1,2,0,0,0,50,High,NAB-C000327,Lebo Mthembu,Canada,Verified,SME
316,19,255.3647368,1099.48,4851.93,0,1,1,0,0,1,1,2,0,0,0,50,High,NAB-C000316,Akosua Sani,United Kingdom,Verified,Retail
311,19,447.6073684,2607.48,8504.54,0,0,1,0,0,1,1,2,0,0,0,50,High,NAB-C000311,Emmanuel Perez,Nigeria,Verified,SME
753,28,354.9953571,1559.78,9939.87,0,1,1,0,0,1,1,2,0,0,0,50,High,NAB-C000753,Lindiwe Buhari,United Kingdom,Verified,SME
875,27,609.9892593,4376.45,16469.71,0,2,1,0,0,1,1,2,0,0,0,50,High,NAB-C000875,Valentina Omar,Germany,Verified,Premium
1270,24,495.19625,5396.88,11884.71,0,2,1,0,0,1,1,2,0,0,0,50,High,NAB-C001270,Camila Omar,South Africa,Verified,Corporate
1031,22,905.9145455,9295.19,19930.12,0,1,1,0,0,1,1,2,0,0,0,50,High,NAB-C001031,Charlotte Ibrahim,Nigeria,Verified,Premium
1228,24,468.2683333,1491.44,11238.44,0,1,1,0,0,1,1,2,0,0,0,50,High,NAB-C001228,Chukwuemeka Perez,Canada,Pending,Premium
1180,31,470.4987097,1755.25,14585.46,0,3,1,0,0,1,1,2,0,0,0,50,High,NAB-C001180,Luis Obi,South Africa,Pending,Corporate
1163,33,853.2657576,4600.26,28157.77,0,1,1,0,0,1,1,2,0,0,0,50,High,NAB-C001163,Kwame Taylor,UAE,Verified,Corporate
1155,23,263.78,1457.82,6066.94,0,1,1,0,0,1,1,2,0,0,0,50,High,NAB-C001155,Lindiwe Williams,Ghana,Verified,Corporate
1124,37,502.9581081,2507.15,18609.45,0,1,1,0,0,1,1,2,0,0,0,50,High,NAB-C001124,Toyin Lewis,United Kingdom,Pending,Retail
1120,25,413.6096,1840.06,10340.24,0,0,1,0,0,1,1,2,0,0,0,50,High,NAB-C001120,Daniel Tinubu,Nigeria,Verified,SME
1118,20,462.8825,4106.83,9257.65,0,0,1,0,0,1,1,2,0,0,0,50,High,NAB-C001118,Femi Chukwu,Canada,Verified,SME
1087,22,437.3286364,1630.12,9621.23,0,0,1,0,0,1,1,2,0,0,0,50,High,NAB-C001087,Joseph Gonzalez,Nigeria,Verified,Retail
1036,33,370.1609091,2651.03,12215.31,0,0,1,0,0,1,1,2,0,0,0,50,High,NAB-C001036,Garba Bello,United States,Verified,Premium
1014,24,463.0066667,1710.1,11112.16,0,2,1,0,0,1,1,2,0,0,0,50,High,NAB-C001014,Dele Johnson,United Kingdom,Verified,Retail
876,24,735.0441667,6424.16,17641.06,0,1,1,0,0,1,1,2,0,0,0,50,High,NAB-C000876,Grace Mokoena,UAE,Verified,Corporate
1007,25,590.9512,4920.08,14773.78,0,2,1,0,0,1,1,2,0,0,0,50,High,NAB-C001007,Hadiza Thomas,Nigeria,Verified,SME
1002,31,530.4148387,4221.65,16442.86,0,1,1,0,0,1,1,2,0,0,0,50,High,NAB-C001002,Emma Evans,Kenya,Verified,Corporate
953,25,399.5556,2966.51,9988.89,0,0,1,0,0,1,1,2,0,0,0,50,High,NAB-C000953,Fatima Tinubu,Nigeria,Verified,SME
948,21,649.017619,3850.13,13629.37,0,2,1,0,0,1,1,2,0,0,0,50,High,NAB-C000948,Lebo Lopez,South Africa,Verified,Corporate
936,20,536.213,3195.84,10724.26,0,0,1,0,0,1,1,2,0,0,0,50,High,NAB-C000936,Adewale Perez,Nigeria,Verified,Corporate
925,26,459.8330769,1760.15,11955.66,0,2,1,0,0,1,1,2,0,0,0,50,High,NAB-C000925,Jose Taylor,Nigeria,Verified,Premium
919,24,665.9041667,2999.29,15981.7,0,0,1,0,0,1,1,2,0,0,0,50,High,NAB-C000919,Folake Musa,Kenya,Verified,Retail
895,23,720.1052174,5862.26,16562.42,0,0,1,0,0,1,1,2,0,0,0,50,High,NAB-C000895,Edward Lewis,Nigeria,Pending,Premium
892,23,345.0626087,1653.97,7936.44,0,0,1,0,0,1,1,2,0,0,0,50,High,NAB-C000892,Blessing Adeyemi,Canada,Verified,SME
2200,21,262.1233333,833.24,5504.59,0,1,1,0,0,1,1,2,0,0,0,50,High,NAB-C002200,Safiya Saleh,Germany,Verified,SME
2166,29,501.542069,3812.4,14544.72,0,1,1,0,0,1,1,2,0,0,0,50,High,NAB-C002166,Usman Thomas,Nigeria,Verified,SME
3001,21,466.8971429,1846.02,9804.84,0,0,1,0,0,1,1,2,0,0,0,50,High,NAB-C003001,Ibrahim Wike,Canada,Verified,Premium
3357,18,424.8983333,1967.53,7648.17,0,1,1,0,0,1,1,2,0,0,0,50,High,NAB-C003357,Folake Mensah,Ghana,Verified,Corporate
3341,24,634.3229167,4499.7,15223.75,0,3,1,0,0,1,1,2,0,0,0,50,High,NAB-C003341,Thabo Fashola,Nigeria,Verified,Corporate
3336,32,407.6915625,3142.45,13046.13,0,1,1,0,0,1,1,2,0,0,0,50,High,NAB-C003336,Maria Zulu,United States,Verified,Retail
3255,19,719.1184211,5461.05,13663.25,0,1,1,0,0,1,1,2,0,0,0,50,High,NAB-C003255,Sophie Lewis,Nigeria,Verified,Premium
3203,27,422.4237037,1829.8,11405.44,0,0,1,0,0,1,1,2,0,0,0,50,High,NAB-C003203,Abdullahi Nkosi,Nigeria,Verified,Retail
3191,31,482.5451613,6877.64,14958.9,0,0,1,0,0,1,1,2,0,0,0,50,High,NAB-C003191,Tunde Yusuf,France,Expired,Retail
3160,24,271.86125,1235.48,6524.67,0,0,1,0,0,1,1,2,0,0,0,50,High,NAB-C003160,Akosua Jones,United States,Verified,Corporate
3134,32,401.4390625,1856.99,12846.05,0,0,1,0,0,1,1,2,0,0,0,50,High,NAB-C003134,Rotimi Musa,Nigeria,Verified,Premium
3096,28,348.44,2077.15,9756.32,0,0,1,0,0,1,1,2,0,0,0,50,High,NAB-C003096,Hauwa Sani,South Africa,Pending,Retail
4090,22,445.8427273,2053.59,9808.54,0,0,1,0,0,1,1,2,0,0,0,50,High,NAB-C004090,Suleiman Okafor,Nigeria,Verified,Corporate
3086,35,384.36,3111.38,13452.6,0,1,1,0,0,2,1,2,0,0,0,50,High,NAB-C003086,Joy Boateng,Germany,Expired,Premium
4095,28,524.2032143,2814.42,14677.69,0,0,1,0,0,1,1,2,0,0,0,50,High,NAB-C004095,George Yakubu,Kenya,Pending,Premium
3037,24,516.5195833,1865.84,12396.47,0,1,1,0,0,1,1,2,0,0,0,50,High,NAB-C003037,Sipho Khalid,Ghana,Verified,Corporate
4110,23,435.8673913,3216.69,10024.95,0,1,1,0,0,1,1,2,0,0,0,50,High,NAB-C004110,Thomas Nwosu,United States,Verified,Retail
2997,24,280.7733333,1281.35,6738.56,0,1,1,0,0,1,1,2,0,0,0,50,High,NAB-C002997,Joke Davies,Nigeria,Verified,Premium
2996,18,337.1283333,1599.77,6068.31,0,1,1,0,0,1,1,2,0,0,0,50,High,NAB-C002996,Musa Yusuf,United States,Verified,SME
2982,30,377.3996667,2162.78,11321.99,0,2,1,0,0,1,1,2,0,0,0,50,High,NAB-C002982,Kwame Wike,South Africa,Verified,SME
2958,29,779.5634483,6570.99,22607.34,0,0,1,0,0,1,1,2,0,0,0,50,High,NAB-C002958,Safiya Hernandez,Nigeria,Verified,Premium
2949,23,472.1230435,2028.09,10858.83,0,2,1,0,0,1,1,2,0,0,0,50,High,NAB-C002949,Kofi Saleh,Nigeria,Expired,Retail
2938,29,869.0575862,15000,25202.67,0,2,1,0,0,1,1,2,0,0,0,50,High,NAB-C002938,Yetunde Sithole,Nigeria,Verified,Retail
3350,25,732.7924,3708.96,18319.81,0,0,1,0,0,1,1,2,0,0,0,50,High,NAB-C003350,Luis Smith,Nigeria,Verified,SME
3364,22,297.905,1138.11,6553.91,0,2,1,0,0,1,1,2,0,0,0,50,High,NAB-C003364,Funke Atiku,Kenya,Verified,Retail
2914,23,315.2569565,1307.09,7250.91,0,0,1,0,0,1,1,2,0,0,0,50,High,NAB-C002914,James Fashola,United Kingdom,Verified,Premium
3391,19,599.7042105,3230.02,11394.38,0,0,1,0,0,1,1,2,0,0,0,50,High,NAB-C003391,Ramatu Nwosu,Canada,Pending,Retail
3886,28,371.9110714,1445.2,10413.51,0,0,1,0,0,1,1,2,0,0,0,50,High,NAB-C003886,Chukwuemeka Johnson,Nigeria,Verified,Retail
3871,30,452.079,2527.26,13562.37,0,0,1,0,0,1,1,2,0,0,0,50,High,NAB-C003871,Hassan Johnson,Nigeria,Verified,Premium
3858,33,1082.375152,8983.84,35718.38,0,0,1,0,0,1,1,2,0,0,0,50,High,NAB-C003858,Aliyu Osei,United States,Verified,Premium
3977,19,725.8252632,4135.59,13790.68,0,3,1,0,0,1,1,2,0,0,0,50,High,NAB-C003977,David Zulu,Nigeria,Verified,Premium
3814,30,665.5886667,6230.87,19967.66,0,2,1,0,0,1,1,2,0,0,0,50,High,NAB-C003814,Safiya Oduya,South Africa,Verified,Corporate
3741,23,245.43,868.98,5644.89,0,0,1,0,0,1,1,2,0,0,0,50,High,NAB-C003741,Musa Okafor,Nigeria,Verified,Premium
3681,26,797.0534615,5122.71,20723.39,0,2,1,0,0,1,1,2,0,0,0,50,High,NAB-C003681,David Ambode,Nigeria,Verified,SME
3987,27,491.7514815,2108.61,13277.29,0,0,1,0,0,1,1,2,0,0,0,50,High,NAB-C003987,Olivia Mensah,Canada,Pending,SME
3671,24,457.0025,3114.57,10968.06,0,1,1,0,0,1,1,2,0,0,0,50,High,NAB-C003671,Femi Mensah,Nigeria,Verified,Retail
3603,22,573.9295455,4234.99,12626.45,0,0,1,0,0,1,1,2,0,0,0,50,High,NAB-C003603,Hauwa Sanwo,Canada,Verified,Corporate
3573,28,320.1482143,1438.35,8964.15,0,1,1,0,0,1,1,2,0,0,0,50,High,NAB-C003573,Jack Zulu,South Africa,Verified,SME
3555,31,304.8367742,1281.99,9449.94,0,1,1,0,0,1,1,2,0,0,0,50,High,NAB-C003555,Luis Chukwu,Kenya,Verified,Corporate
3541,23,511.9878261,2258.99,11775.72,0,0,1,0,0,1,1,2,0,0,0,50,High,NAB-C003541,Ibrahim Gonzalez,United Kingdom,Expired,Corporate
4016,24,558.41125,2065.95,13401.87,0,1,1,0,0,1,1,2,0,0,0,50,High,NAB-C004016,George Sanwo,Nigeria,Verified,Premium
4025,27,271.3692593,1101.55,7326.97,0,0,1,0,0,1,1,2,0,0,0,50,High,NAB-C004025,Samuel Nwosu,Nigeria,Verified,SME
3463,23,723.1765217,4049.71,16633.06,0,1,1,0,0,1,1,2,0,0,0,50,High,NAB-C003463,Emma Perez,United States,Verified,Retail
3417,24,411.625,1624.48,9879,0,0,1,0,0,1,1,2,0,0,0,50,High,NAB-C003417,Camila Eze,United Kingdom,Verified,Corporate
3410,22,287.2977273,1034.02,6320.55,0,0,1,0,0,1,1,2,0,0,0,50,High,NAB-C003410,Aisha Owusu,United Kingdom,Pending,Premium
4081,26,467.8757692,1908.37,12164.77,0,0,1,0,0,1,1,2,0,0,0,50,High,NAB-C004081,Suleiman Nxumalo,United Kingdom,Verified,Corporate
2930,36,511.6161111,5100.27,18418.18,0,3,1,0,0,1,1,2,0,0,0,50,High,NAB-C002930,Jose Sithole,Kenya,Pending,Premium
2929,24,787.0325,8030.03,18888.78,0,0,1,0,0,1,1,2,0,0,0,50,High,NAB-C002929,Mariam Mensah,Nigeria,Verified,Retail
2642,18,482.0622222,1448.32,8677.12,0,1,1,0,0,1,1,2,0,0,0,50,High,NAB-C002642,James Idris,Germany,Verified,Corporate
2468,23,362.7178261,1656.06,8342.51,0,0,1,0,0,1,1,2,0,0,0,50,High,NAB-C002468,Femi Yusuf,Nigeria,Verified,Premium
2618,33,565.2827273,3461.7,18654.33,0,1,1,0,0,1,1,2,0,0,0,50,High,NAB-C002618,Kwame Asante,Kenya,Verified,Retail
2572,24,352.36125,1286.74,8456.67,0,2,1,0,0,1,1,2,0,0,0,50,High,NAB-C002572,Kojo Zulu,Ghana,Verified,Retail
2568,20,341.295,1170.69,6825.9,0,0,1,0,0,1,1,2,0,0,0,50,High,NAB-C002568,Peace Rodriguez,Kenya,Expired,Corporate
2566,26,591.3519231,5025.71,15375.15,0,1,1,0,0,1,1,2,0,0,0,50,High,NAB-C002566,Harry Okonkwo,United Kingdom,Verified,Corporate
2546,25,807.9308,4167.99,20198.27,0,2,1,0,0,1,1,2,0,0,0,50,High,NAB-C002546,Usman Fashola,Kenya,Verified,Corporate
2539,26,591.775,3712.55,15386.15,0,2,1,0,0,1,1,2,0,0,0,50,High,NAB-C002539,George Roberts,Nigeria,Expired,Corporate
2537,18,283.3033333,1205.19,5099.46,0,2,1,0,0,1,1,2,0,0,0,50,High,NAB-C002537,Yetunde Brown,Nigeria,Verified,Retail
2532,20,784.0535,4769.89,15681.07,0,0,1,0,0,1,1,2,0,0,0,50,High,NAB-C002532,Blessing Sithole,Canada,Verified,Corporate
2518,35,358.1637143,3382.44,12535.73,0,3,1,0,0,1,1,2,0,0,0,50,High,NAB-C002518,Femi Brown,United Kingdom,Verified,SME
2435,30,324.2946667,1679.48,9728.84,0,3,1,0,0,1,1,2,0,0,0,50,High,NAB-C002435,Maria Nkosi,Nigeria,Verified,SME
4132,18,495.54,2464.85,8919.72,0,0,1,0,0,1,1,2,0,0,0,50,High,NAB-C004132,Aisha Ndlovu,Nigeria,Verified,Corporate
2386,21,258.8990476,1094.44,5436.88,0,2,1,0,0,1,1,2,0,0,0,50,High,NAB-C002386,Toyin Omar,Nigeria,Pending,SME
2383,17,494.9417647,1921.24,8414.01,0,0,1,0,0,1,1,2,0,0,0,50,High,NAB-C002383,Miguel Hughes,Nigeria,Verified,Corporate
2369,22,315.9677273,1385.77,6951.29,0,0,1,0,0,1,1,2,0,0,0,50,High,NAB-C002369,David Sanwo,United Kingdom,Verified,Retail
2353,29,497.4413793,2316.84,14425.8,0,1,1,0,0,1,1,2,0,0,0,50,High,NAB-C002353,William Martinez,Kenya,Verified,SME
2347,20,604.8085,3864.26,12096.17,0,1,1,0,0,1,1,2,0,0,0,50,High,NAB-C002347,James Hernandez,Nigeria,Verified,SME
2308,29,552.7637931,2267.07,16030.15,0,1,1,0,0,1,1,2,0,0,0,50,High,NAB-C002308,Chioma Ibrahim,Nigeria,Verified,Retail
2292,22,261.9281818,881.9,5762.42,0,0,1,0,0,1,1,2,0,0,0,50,High,NAB-C002292,Abena Nxumalo,Ghana,Verified,Corporate
2277,20,374.7595,1535.3,7495.19,0,2,1,0,0,1,1,2,0,0,0,50,High,NAB-C002277,Lily Fashola,Nigeria,Verified,Corporate
2251,26,485.8657692,1904.51,12632.51,0,1,1,0,0,1,1,2,0,0,0,50,High,NAB-C002251,Suleiman Mthembu,Nigeria,Verified,Retail
2630,22,335.9063636,1290.77,7389.94,0,0,1,0,0,1,1,2,0,0,0,50,High,NAB-C002630,Isabella Sithole,Canada,Verified,Corporate
3955,22,647.955,5451.74,14255.01,0,2,1,0,0,1,1,2,0,0,0,50,High,NAB-C003955,Akosua Yusuf,United Kingdom,Verified,Premium
2661,21,468.3419048,2723.24,9835.18,0,1,1,0,0,1,1,2,0,0,0,50,High,NAB-C002661,Bukola Brown,Kenya,Verified,SME
4162,26,357.4784615,2891.05,9294.44,0,2,1,0,0,1,1,2,0,0,0,50,High,NAB-C004162,Seun Garcia,Nigeria,Verified,Premium
2900,16,794.211875,5125.89,12707.39,0,3,1,0,0,1,1,2,0,0,0,50,High,NAB-C002900,Joy Tinubu,United Kingdom,Expired,Corporate
2831,21,569.5871429,2755.44,11961.33,0,2,1,0,0,1,1,2,0,0,0,50,High,NAB-C002831,Femi Nxumalo,Kenya,Verified,SME
2824,30,342.5036667,1470.19,10275.11,0,1,1,0,0,1,1,2,0,0,0,50,High,NAB-C002824,Usman Moore,Nigeria,Verified,Premium
2767,22,530.5831818,2370.86,11672.83,0,0,1,0,0,1,1,2,0,0,0,50,High,NAB-C002767,Joke Jones,France,Verified,Retail
2753,29,616.13,4442.97,17867.77,0,1,1,0,0,1,1,2,0,0,0,50,High,NAB-C002753,Joke Yusuf,Kenya,Verified,Premium
2748,24,286.3370833,899.63,6872.09,0,3,1,0,0,1,1,2,0,0,0,50,High,NAB-C002748,Bongani Lewis,Nigeria,Verified,Premium
2740,18,368.2388889,1130.9,6628.3,0,1,1,0,0,1,1,2,0,0,0,50,High,NAB-C002740,Musa Asante,United Kingdom,Verified,Retail
2727,29,468.242069,2073.03,13579.02,0,1,1,0,0,1,1,2,0,0,0,50,High,NAB-C002727,Bello Chukwu,Canada,Verified,Premium
2726,29,327.3524138,1322.84,9493.22,0,1,1,0,0,1,1,2,0,0,0,50,High,NAB-C002726,Amina Abubakar,Ghana,Verified,Premium
2716,22,771.7663636,6470.32,16978.86,0,0,1,0,0,1,1,2,0,0,0,50,High,NAB-C002716,Faith Perez,United Kingdom,Verified,SME
4133,25,429.0652,3342.11,10726.63,0,1,1,0,0,1,1,2,0,0,0,50,High,NAB-C004133,Valentina Ndlovu,Canada,Expired,Premium
2711,22,476.2386364,2856.92,10477.25,0,0,1,0,0,1,1,2,0,0,0,50,High,NAB-C002711,Hadiza Lopez,Nigeria,Verified,SME
2708,32,595.0721875,3727.57,19042.31,0,0,1,0,0,1,1,2,0,0,0,50,High,NAB-C002708,Maria Obi,Kenya,Verified,Premium
2705,23,433.936087,2447.62,9980.53,0,2,1,0,0,1,1,2,0,0,0,50,High,NAB-C002705,Lanre Moore,South Africa,Verified,Premium
2686,16,398.815625,1698.8,6381.05,0,1,1,0,0,1,1,2,0,0,0,50,High,NAB-C002686,Faith Musa,Ghana,Verified,Retail
2674,27,720.8096296,5185.19,19461.86,0,3,1,0,0,1,1,2,0,0,0,50,High,NAB-C002674,Daniel Rodriguez,Nigeria,Verified,Retail
4159,18,582.28,3493.8,10481.04,0,0,1,0,0,1,1,2,0,0,0,50,High,NAB-C004159,Oliver Fashola,United Kingdom,Verified,SME
7914,25,482.4776,1343.67,12061.94,0,1,0,0,0,1,1,1,0,0,0,30,High,NAB-C007914,Yaw Boateng,Nigeria,Pending,Retail
4427,18,298.1811111,853.14,5367.26,0,0,0,0,0,1,1,1,0,0,0,30,High,NAB-C004427,Kofi Moore,Nigeria,Expired,SME
366,17,259.9064706,719.38,4418.41,0,1,0,0,0,1,1,1,0,0,0,30,High,NAB-C000366,Blessing Musa,Germany,Verified,Retail
651,26,267.5684615,596.83,6956.78,0,1,0,0,0,1,1,1,0,0,0,30,High,NAB-C000651,Thomas Boateng,United Kingdom,Pending,Retail
2229,30,401.2593333,1176.59,12037.78,0,2,0,0,0,1,1,1,0,0,0,30,High,NAB-C002229,Harry Tinubu,UAE,Verified,Premium
3831,20,269.3595,749.67,5387.19,0,0,0,0,0,1,1,1,0,0,0,30,High,NAB-C003831,Kofi Smith,United Kingdom,Verified,Corporate
775,14,288.8978571,597.35,4044.57,0,0,0,0,0,1,1,1,0,0,0,30,High,NAB-C000775,Bongani Miller,Nigeria,Verified,Corporate
7622,22,288.3945455,823.03,6344.68,0,4,0,0,0,1,1,1,0,0,0,30,High,NAB-C007622,Lindiwe Okonkwo,United States,Verified,SME
3493,27,330.897037,911.48,8934.22,0,1,0,0,0,1,1,1,0,0,0,30,High,NAB-C003493,Joseph Buhari,Nigeria,Verified,SME
4653,22,337.8836364,830.14,7433.44,0,0,0,0,0,1,1,1,0,0,0,30,High,NAB-C004653,Lebo Nkosi,United Kingdom,Pending,Premium
7373,18,455.6255556,1310.98,8201.26,0,0,0,0,0,1,1,1,0,0,0,30,High,NAB-C007373,Abdullahi Ali,United States,Verified,Premium
1227,27,340.33,990.54,9188.91,0,2,0,0,0,1,1,1,0,0,0,30,High,NAB-C001227,Peace Mthembu,Nigeria,Expired,Corporate
4944,22,757.4904545,2059.84,16664.79,0,0,0,0,0,1,1,1,0,0,0,30,High,NAB-C004944,Sade Agyei,United States,Expired,Premium
6010,23,365.8669565,888.55,8414.94,0,0,0,0,0,1,1,1,0,0,0,30,High,NAB-C006010,Tunde Hernandez,Nigeria,Verified,SME
1485,20,226.0535,534.13,4521.07,0,0,0,0,0,1,1,1,0,0,0,30,High,NAB-C001485,Zanele Tinubu,Ghana,Verified,Retail
5264,26,183.1923077,466.33,4763,0,1,0,0,0,1,1,1,0,0,0,30,High,NAB-C005264,Rotimi Lewis,United Kingdom,Verified,Premium
6640,27,606.4074074,1720.42,16373,0,0,0,0,0,1,1,1,0,0,0,30,High,NAB-C006640,Samuel Thomas,South Africa,Expired,Retail
6637,18,527.3183333,1466.62,9491.73,0,0,0,0,0,1,1,1,0,0,0,30,High,NAB-C006637,Miguel Adewale,Nigeria,Verified,SME
6496,17,526.7388235,1537.41,8954.56,0,1,0,0,0,1,1,1,0,0,0,30,High,NAB-C006496,Ngozi Musa,United Kingdom,Verified,SME
6492,19,403.47,937.75,7665.93,0,0,0,0,0,1,1,1,0,0,0,30,High,NAB-C006492,Aisha Jones,United States,Verified,Premium
7994,25,465.1644,1349.72,11629.11,0,2,0,0,0,1,1,1,0,0,0,30,High,NAB-C007994,Bello Nxumalo,Germany,Verified,Retail
